tag_type,tag_id,time_utc,rssi,lat,lon,sync,family,payload,voltage,temp_c
bluetooth,D7510A57,2025-05-27 19:38:16.054150Z,-68,39.001054,-74.914302,26496,1,0,1900,23.95
bluetooth,13323C65,2025-05-27 19:38:16.492883Z,-72,39.001054,-74.914302,17856,1,0,2984,22.82
bluetooth,E2A807D7,2025-05-27 19:38:16.541959Z,-83,39.001054,-74.914302,63556,1,0,1860,24.16
bluetooth,367E0F4A,2025-05-27 19:38:16.639364Z,-70,39.001054,-74.914302,4836,1,0,2956,24.46
radio434mhz,334C4B61,2025-05-27 19:38:16.736614Z,-107,39.001054,-74.914302
bluetooth,81D187E3,2025-05-27 19:38:16.883184Z,-76,39.001054,-74.914302,43544,1,0,2961,24.81
bluetooth,D7510A57,2025-05-27 19:38:17.029308Z,-73,39.001054,-74.914302,2102,1,0,1899,24.06
bluetooth,13323C65,2025-05-27 19:38:17.517327Z,-75,39.001054,-74.914302,2984,1,0,2983,22.97
bluetooth,0000006E,2025-05-27 19:38:17.566219Z,-65,39.001054,-74.914302,9564,1,0,1868,23.68
radio434mhz,071E6661,2025-05-27 19:38:17.858515Z,-96,39.001054,-74.914302
bluetooth,870614B1,2025-05-27 19:38:17.860133Z,-38,39.001054,-74.914302,3757,2,0,1559,17.71
bluetooth,A648A0E7,2025-05-27 19:38:18.053630Z,-76,39.001054,-74.914302,53137,1,0,2984,23.20
bluetooth,D7510A57,2025-05-27 19:38:18.102288Z,-68,39.001054,-74.914302,40489,1,0,1899,23.90
bluetooth,77AAF9E2,2025-05-27 19:38:18.396122Z,-85,39.001054,-74.914302,54763,1,0,1615,25.88
bluetooth,367E0F4A,2025-05-27 19:38:18.687050Z,-69,39.001054,-74.914302,37374,1,0,2956,24.33
bluetooth,59FE8D30,2025-05-27 19:38:18.735863Z,-67,39.001054,-74.914302,630,1,0,1867,22.49
bluetooth,B78FE24A,2025-05-27 19:38:18.737044Z,-81,39.001054,-74.914302,63094,1,0,1821,24.81
bluetooth,E85FB74C,2025-05-27 19:38:18.784849Z,-78,39.001054,-74.914302,28687,2,0,1528,26.08
bluetooth,81D187E3,2025-05-27 19:38:18.930779Z,-77,39.001054,-74.914302,933,1,0,2962,24.84
bluetooth,D7510A57,2025-05-27 19:38:19.079203Z,-76,39.001043,-74.914302,657,1,0,1899,23.93
bluetooth,77AAF9E2,2025-05-27 19:38:19.321127Z,-80,39.001043,-74.914302,8455,1,0,1615,25.85
bluetooth,23D9727E,2025-05-27 19:38:19.613108Z,-37,39.001043,-74.914302,48119,2,0,1552,32.50
bluetooth,59FE8D30,2025-05-27 19:38:19.759551Z,-74,39.001043,-74.914302,45202,1,0,1868,22.56
radio434mhz,1E336107,2025-05-27 19:38:19.807738Z,-81,39.001043,-74.914302
userLocation,user,2025-05-27 19:38:20.028541Z,0,39.001044,-74.914313
bluetooth,D7510A57,2025-05-27 19:38:20.053912Z,-70,39.001044,-74.914313,55614,1,0,1899,24.08
bluetooth,E2A807D7,2025-05-27 19:38:20.541425Z,-79,39.001044,-74.914313,11408,1,0,1858,24.21
bluetooth,0000006E,2025-05-27 19:38:20.588739Z,-66,39.001044,-74.914313,55776,1,0,1866,23.78
bluetooth,59FE8D30,2025-05-27 19:38:20.688130Z,-66,39.001044,-74.914313,14330,1,0,1866,22.54
bluetooth,367E0F4A,2025-05-27 19:38:20.734165Z,-76,39.001044,-74.914313,39958,1,0,2956,24.36
bluetooth,81D187E3,2025-05-27 19:38:20.929952Z,-80,39.001044,-74.914313,29674,1,0,2961,24.81
radio434mhz,071E6661,2025-05-27 19:38:21.026393Z,-90,39.001044,-74.914313
radio434mhz,614C192D,2025-05-27 19:38:21.319971Z,-109,39.001043,-74.914305
bluetooth,59FE8D30,2025-05-27 19:38:21.709569Z,-66,39.001043,-74.914305,38537,1,0,1867,22.56
bluetooth,367E0F4A,2025-05-27 19:38:21.758211Z,-71,39.001043,-74.914305,53224,1,0,2955,24.48
bluetooth,2172633A,2025-05-27 19:38:21.806851Z,-67,39.001043,-74.914305,57600,2,0,1562,21.96
bluetooth,23D9727E,2025-05-27 19:38:22.635754Z,-45,39.001041,-74.914317,45834,2,0,1554,32.75
bluetooth,367E0F4A,2025-05-27 19:38:22.781968Z,-80,39.001041,-74.914317,11021,1,0,2955,24.36
bluetooth,0000006E,2025-05-27 19:38:23.610662Z,-64,39.001037,-74.914337,5834,1,0,1867,23.73
bluetooth,13323C65,2025-05-27 19:38:23.659700Z,-80,39.001037,-74.914337,40266,1,0,2984,22.74
bluetooth,59FE8D30,2025-05-27 19:38:23.708532Z,-74,39.001037,-74.914337,55660,1,0,1866,22.56
bluetooth,870614B1,2025-05-27 19:38:23.903798Z,-42,39.001037,-74.914337,48990,2,0,1559,17.41
bluetooth,D7510A57,2025-05-27 19:38:24.148283Z,-73,39.001033,-74.914353,24248,1,0,1898,23.73
bluetooth,A648A0E7,2025-05-27 19:38:24.150654Z,-76,39.001033,-74.914353,13602,1,0,2982,23.50
radio434mhz,071E6661,2025-05-27 19:38:24.195948Z,-92,39.001033,-74.914353
bluetooth,2172633A,2025-05-27 19:38:24.780840Z,-64,39.001033,-74.914353,57286,2,0,1563,22.03
bluetooth,81D187E3,2025-05-27 19:38:24.927595Z,-83,39.001033,-74.914353,7096,1,0,2962,24.71
radio434mhz,1E336107,2025-05-27 19:38:25.072818Z,-78,39.001031,-74.914365
bluetooth,13323C65,2025-05-27 19:38:25.658714Z,-76,39.001031,-74.914365,29566,1,0,2983,22.82
bluetooth,367E0F4A,2025-05-27 19:38:25.853277Z,-72,39.001031,-74.914365,2172,1,0,2956,24.43
bluetooth,81D187E3,2025-05-27 19:38:25.902366Z,-81,39.001031,-74.914365,59253,1,0,2961,24.74
bluetooth,0000006E,2025-05-27 19:38:26.585122Z,-72,39.001028,-74.914378,36393,1,0,1867,23.95
radio434mhz,614C192D,2025-05-27 19:38:26.681783Z,-106,39.001028,-74.914378
bluetooth,870614B1,2025-05-27 19:38:26.879376Z,-47,39.001028,-74.914378,1042,2,0,1560,17.59
bluetooth,D7510A57,2025-05-27 19:38:27.023782Z,-68,39.001028,-74.914378,8521,1,0,1900,23.98
bluetooth,A648A0E7,2025-05-27 19:38:27.170031Z,-79,39.001025,-74.914388,2397,1,0,2983,23.40
radio434mhz,071E6661,2025-05-27 19:38:27.364237Z,-103,39.001025,-74.914388
bluetooth,E197FE3E,2025-05-27 19:38:27.998716Z,-84,39.001025,-74.914388,25935,1,0,1619,27.32
bluetooth,A648A0E7,2025-05-27 19:38:28.193134Z,-76,39.001023,-74.914396,36379,1,0,2982,23.27
bluetooth,E2A807D7,2025-05-27 19:38:28.534721Z,-82,39.001023,-74.914396,27299,1,0,1860,24.08
bluetooth,E85FB74C,2025-05-27 19:38:28.730389Z,-80,39.001023,-74.914396,42039,2,0,1527,25.80
bluetooth,59FE8D30,2025-05-27 19:38:28.732183Z,-75,39.001023,-74.914396,5458,1,0,1867,22.51
bluetooth,23D9727E,2025-05-27 19:38:28.732550Z,-56,39.001023,-74.914396,8761,2,0,1553,32.77
bluetooth,19836CFF,2025-05-27 19:38:28.827081Z,-76,39.001023,-74.914396,36709,1,0,1839,22.74
bluetooth,0000006E,2025-05-27 19:38:29.607090Z,-64,39.001022,-74.914404,22365,1,0,1867,23.80
bluetooth,13323C65,2025-05-27 19:38:29.704825Z,-75,39.001022,-74.914404,62524,1,0,2984,22.77
bluetooth,870614B1,2025-05-27 19:38:29.899603Z,-48,39.001022,-74.914404,46457,2,0,1558,17.51
bluetooth,367E0F4A,2025-05-27 19:38:29.948285Z,-73,39.001022,-74.914404,4478,1,0,2956,24.36
bluetooth,81D187E3,2025-05-27 19:38:29.950372Z,-77,39.001022,-74.914404,27236,1,0,2961,24.71
userLocation,user,2025-05-27 19:38:30.030116Z,0,39.001020,-74.914416
radio434mhz,1E336107,2025-05-27 19:38:30.289308Z,-80,39.001020,-74.914416
radio434mhz,071E6661,2025-05-27 19:38:30.533036Z,-93,39.001020,-74.914416
bluetooth,81D187E3,2025-05-27 19:38:30.923896Z,-80,39.001020,-74.914416,4796,1,0,2962,24.69
bluetooth,D7510A57,2025-05-27 19:38:31.020562Z,-64,39.001020,-74.914416,57469,1,0,1899,24.13
bluetooth,23D9727E,2025-05-27 19:38:31.800738Z,-56,39.001017,-74.914425,9562,2,0,1553,32.65
bluetooth,367E0F4A,2025-05-27 19:38:31.950471Z,-80,39.001017,-74.914425,30439,1,0,2956,24.18
bluetooth,07F9389E,2025-05-27 19:38:32.093219Z,-74,39.001017,-74.914432,12312,2,0,1543,25.82
bluetooth,E197FE3E,2025-05-27 19:38:32.435109Z,-81,39.001017,-74.914432,6494,1,0,1617,27.37
bluetooth,0000006E,2025-05-27 19:38:32.630163Z,-79,39.001017,-74.914432,14343,1,0,1866,23.83
bluetooth,870614B1,2025-05-27 19:38:32.877108Z,-52,39.001017,-74.914432,6251,2,0,1559,17.46
bluetooth,D7510A57,2025-05-27 19:38:33.019652Z,-79,39.001017,-74.914432,62723,1,0,1899,23.80
radio434mhz,071E6661,2025-05-27 19:38:33.653041Z,-98,39.001019,-74.914427
bluetooth,77AAF9E2,2025-05-27 19:38:33.945936Z,-82,39.001019,-74.914427,12248,1,0,1616,26.05
bluetooth,D7510A57,2025-05-27 19:38:33.994558Z,-83,39.001019,-74.914427,37250,1,0,1899,23.83
bluetooth,3F9E3319,2025-05-27 19:38:34.287056Z,-82,39.001024,-74.914441,63316,1,0,1603,27.16
bluetooth,13323C65,2025-05-27 19:38:34.823387Z,-79,39.001024,-74.914441,60783,1,0,2983,22.84
bluetooth,77AAF9E2,2025-05-27 19:38:34.824362Z,-77,39.001024,-74.914441,2133,1,0,1617,25.95
bluetooth,D7510A57,2025-05-27 19:38:35.018300Z,-81,39.001024,-74.914441,41702,1,0,1899,24.00
radio434mhz,1E336107,2025-05-27 19:38:35.553971Z,-78,39.001030,-74.914455
radio434mhz,19332A07,2025-05-27 19:38:35.749881Z,-110,39.001030,-74.914455
bluetooth,59FE8D30,2025-05-27 19:38:35.800503Z,-71,39.001030,-74.914455,12260,1,0,1867,22.56
bluetooth,870614B1,2025-05-27 19:38:35.896496Z,-51,39.001030,-74.914455,40106,2,0,1559,17.59
bluetooth,D7510A57,2025-05-27 19:38:36.091418Z,-69,39.001041,-74.914460,6065,1,0,1900,23.90
bluetooth,2172633A,2025-05-27 19:38:36.822672Z,-77,39.001041,-74.914460,18947,2,0,1563,22.29
radio434mhz,071E6661,2025-05-27 19:38:36.823617Z,-100,39.001041,-74.914460
bluetooth,D7510A57,2025-05-27 19:38:37.065851Z,-77,39.001050,-74.914463,49127,1,0,1900,23.88
bluetooth,367E0F4A,2025-05-27 19:38:37.067847Z,-82,39.001050,-74.914463,27204,1,0,2956,24.38
bluetooth,23D9727E,2025-05-27 19:38:37.895304Z,-51,39.001050,-74.914463,1475,2,0,1553,32.60
bluetooth,59FE8D30,2025-05-27 19:38:38.773984Z,-78,39.001059,-74.914457,48774,1,0,1867,22.49
bluetooth,870614B1,2025-05-27 19:38:38.872539Z,-52,39.001059,-74.914457,59686,2,0,1558,17.81
bluetooth,2172633A,2025-05-27 19:38:39.796443Z,-75,39.001069,-74.914451,22406,2,0,1563,22.01
radio434mhz,071E6661,2025-05-27 19:38:39.990623Z,-96,39.001069,-74.914451
userLocation,user,2025-05-27 19:38:40.030176Z,0,39.001081,-74.914452
bluetooth,367E0F4A,2025-05-27 19:38:40.137249Z,-80,39.001081,-74.914452,57803,1,0,2956,24.36
radio434mhz,1E336107,2025-05-27 19:38:40.820283Z,-79,39.001081,-74.914452
bluetooth,23D9727E,2025-05-27 19:38:41.015323Z,-48,39.001081,-74.914452,1904,2,0,1553,32.75
bluetooth,81D187E3,2025-05-27 19:38:41.017170Z,-81,39.001081,-74.914452,50251,1,0,2962,24.84
bluetooth,D7510A57,2025-05-27 19:38:41.017479Z,-75,39.001081,-74.914452,29500,1,0,1900,23.75
bluetooth,E2A807D7,2025-05-27 19:38:41.648320Z,-80,39.001086,-74.914459,50579,1,0,1861,23.98
bluetooth,B78FE24A,2025-05-27 19:38:41.845759Z,-81,39.001086,-74.914459,4991,1,0,1821,24.89
bluetooth,81D187E3,2025-05-27 19:38:41.990201Z,-82,39.001086,-74.914459,19968,1,0,2962,24.71
bluetooth,07F9389E,2025-05-27 19:38:42.136807Z,-73,39.001094,-74.914464,43714,2,0,1542,25.52
bluetooth,E197FE3E,2025-05-27 19:38:42.330914Z,-82,39.001094,-74.914464,25447,1,0,1617,27.27
bluetooth,59FE8D30,2025-05-27 19:38:42.818565Z,-83,39.001094,-74.914464,54047,1,0,1868,22.56
radio434mhz,071E6661,2025-05-27 19:38:43.159509Z,-95,39.001093,-74.914464
bluetooth,81D187E3,2025-05-27 19:38:43.988946Z,-81,39.001093,-74.914464,63594,1,0,2962,24.76
bluetooth,13323C65,2025-05-27 19:38:44.039422Z,-81,39.001089,-74.914464,35833,1,0,2984,22.59
bluetooth,23D9727E,2025-05-27 19:38:44.039705Z,-48,39.001089,-74.914464,26302,2,0,1552,32.83
bluetooth,367E0F4A,2025-05-27 19:38:44.186105Z,-80,39.001089,-74.914464,27556,1,0,2957,24.33
bluetooth,E2A807D7,2025-05-27 19:38:44.621905Z,-80,39.001089,-74.914464,41684,1,0,1860,24.21
bluetooth,870614B1,2025-05-27 19:38:44.865977Z,-47,39.001089,-74.914464,63827,2,0,1559,17.51
bluetooth,19836CFF,2025-05-27 19:38:45.743632Z,-79,39.001086,-74.914452,48337,1,0,1842,22.72
bluetooth,D7510A57,2025-05-27 19:38:45.987764Z,-76,39.001086,-74.914452,54156,1,0,1899,23.90
bluetooth,13323C65,2025-05-27 19:38:46.084454Z,-82,39.001089,-74.914460,5030,1,0,2983,22.69
radio434mhz,1E336107,2025-05-27 19:38:46.086698Z,-81,39.001089,-74.914460
radio434mhz,071E6661,2025-05-27 19:38:46.328111Z,-102,39.001089,-74.914460
bluetooth,E2A807D7,2025-05-27 19:38:46.621517Z,-83,39.001089,-74.914460,38083,1,0,1859,24.13
bluetooth,B78FE24A,2025-05-27 19:38:46.816885Z,-76,39.001089,-74.914460,43639,1,0,1823,24.91
bluetooth,59FE8D30,2025-05-27 19:38:46.817862Z,-84,39.001089,-74.914460,23041,1,0,1867,22.67
bluetooth,D7510A57,2025-05-27 19:38:47.011552Z,-73,39.001089,-74.914460,35110,1,0,1898,23.73
bluetooth,23D9727E,2025-05-27 19:38:47.060232Z,-46,39.001101,-74.914473,26830,2,0,1553,32.80
bluetooth,0000006E,2025-05-27 19:38:47.548058Z,-74,39.001101,-74.914473,30143,1,0,1866,23.70
bluetooth,B78FE24A,2025-05-27 19:38:47.792268Z,-71,39.001101,-74.914473,8143,1,0,1821,24.94
bluetooth,870614B1,2025-05-27 19:38:47.888597Z,-54,39.001101,-74.914473,55891,2,0,1559,17.71
bluetooth,81D187E3,2025-05-27 19:38:47.985812Z,-82,39.001101,-74.914473,12445,1,0,2962,24.76
bluetooth,E197FE3E,2025-05-27 19:38:48.474035Z,-84,39.001108,-74.914490,52675,1,0,1618,27.14
bluetooth,B78FE24A,2025-05-27 19:38:48.766195Z,-82,39.001108,-74.914490,57240,1,0,1821,24.94
bluetooth,D7510A57,2025-05-27 19:38:49.013114Z,-71,39.001108,-74.914490,55926,1,0,1899,23.88
bluetooth,77AAF9E2,2025-05-27 19:38:49.351469Z,-78,39.001113,-74.914504,14898,1,0,1616,25.98
radio434mhz,071E6661,2025-05-27 19:38:49.496950Z,-97,39.001113,-74.914504
bluetooth,E2A807D7,2025-05-27 19:38:49.595394Z,-83,39.001113,-74.914504,12836,1,0,1861,24.28
userLocation,user,2025-05-27 19:38:50.030042Z,0,39.001118,-74.914515
bluetooth,77AAF9E2,2025-05-27 19:38:50.278209Z,-83,39.001118,-74.914515,30151,1,0,1615,25.88
bluetooth,0000006E,2025-05-27 19:38:50.521113Z,-71,39.001118,-74.914515,34367,1,0,1868,23.75
bluetooth,E2A807D7,2025-05-27 19:38:50.619013Z,-83,39.001118,-74.914515,14730,1,0,1859,24.23
bluetooth,59FE8D30,2025-05-27 19:38:50.814017Z,-74,39.001118,-74.914515,61257,1,0,1868,22.54
bluetooth,870614B1,2025-05-27 19:38:50.911236Z,-55,39.001118,-74.914515,31024,2,0,1558,17.74
bluetooth,81D187E3,2025-05-27 19:38:51.008486Z,-77,39.001118,-74.914515,29130,1,0,2961,24.81
bluetooth,D7510A57,2025-05-27 19:38:51.009527Z,-76,39.001118,-74.914515,21119,1,0,1900,23.85
bluetooth,77AAF9E2,2025-05-27 19:38:51.154853Z,-80,39.001122,-74.914525,20252,1,0,1617,26.03
radio434mhz,1E336107,2025-05-27 19:38:51.300792Z,-81,39.001122,-74.914525
bluetooth,B78FE24A,2025-05-27 19:38:52.763495Z,-80,39.001125,-74.914536,32707,1,0,1826,25.09
radio434mhz,071E6661,2025-05-27 19:38:52.909617Z,-102,39.001125,-74.914536
bluetooth,23D9727E,2025-05-27 19:38:53.154107Z,-53,39.001129,-74.914547,16626,2,0,1554,32.72
bluetooth,13323C65,2025-05-27 19:38:53.202054Z,-84,39.001129,-74.914547,8360,1,0,2983,22.49
bluetooth,D7510A57,2025-05-27 19:38:54.030318Z,-76,39.001133,-74.914557,1181,1,0,1899,23.83
bluetooth,13323C65,2025-05-27 19:38:54.177706Z,-83,39.001133,-74.914557,17847,1,0,2983,22.84
bluetooth,2172633A,2025-05-27 19:38:54.811761Z,-69,39.001133,-74.914557,7487,2,0,1563,22.26
bluetooth,59FE8D30,2025-05-27 19:38:54.860342Z,-80,39.001133,-74.914557,47059,1,0,1868,22.61
bluetooth,D7510A57,2025-05-27 19:38:55.055264Z,-78,39.001139,-74.914563,60009,1,0,1899,23.88
bluetooth,13323C65,2025-05-27 19:38:55.250592Z,-79,39.001139,-74.914563,2912,1,0,2983,22.97
bluetooth,D7510A57,2025-05-27 19:38:56.030066Z,-79,39.001148,-74.914562,40518,1,0,1899,23.98
radio434mhz,071E6661,2025-05-27 19:38:56.078377Z,-105,39.001148,-74.914562
bluetooth,23D9727E,2025-05-27 19:38:56.225415Z,-58,39.001148,-74.914562,18480,2,0,1553,32.77
bluetooth,367E0F4A,2025-05-27 19:38:56.469262Z,-70,39.001148,-74.914562,15278,1,0,2956,24.43
radio434mhz,1E336107,2025-05-27 19:38:56.517825Z,-78,39.001148,-74.914562
bluetooth,870614B1,2025-05-27 19:38:56.859211Z,-51,39.001148,-74.914562,51185,2,0,1559,17.74
bluetooth,13323C65,2025-05-27 19:38:57.249009Z,-83,39.001150,-74.914547,4655,1,0,2983,22.87
bluetooth,3F9E3319,2025-05-27 19:38:58.175419Z,-85,39.001158,-74.914541,710,1,0,1604,26.81
bluetooth,77AAF9E2,2025-05-27 19:38:58.370369Z,-77,39.001158,-74.914541,17997,1,0,1617,25.88
bluetooth,367E0F4A,2025-05-27 19:38:58.469934Z,-76,39.001158,-74.914541,5880,1,0,2956,24.31
bluetooth,A648A0E7,2025-05-27 19:38:58.613472Z,-78,39.001158,-74.914541,31999,1,0,2983,22.99
bluetooth,D7510A57,2025-05-27 19:38:59.052297Z,-74,39.001166,-74.914538,13242,1,0,1899,24.00
radio434mhz,071E6661,2025-05-27 19:38:59.248281Z,-105,39.001166,-74.914538
bluetooth,23D9727E,2025-05-27 19:38:59.250138Z,-52,39.001166,-74.914538,24211,2,0,1554,32.83
bluetooth,A648A0E7,2025-05-27 19:38:59.637898Z,-74,39.001166,-74.914538,22448,1,0,2983,23.45
bluetooth,870614B1,2025-05-27 19:38:59.881567Z,-56,39.001166,-74.914538,18557,2,0,1559,17.81
bluetooth,59FE8D30,2025-05-27 19:38:59.882930Z,-75,39.001166,-74.914538,7907,1,0,1868,22.56
userLocation,user,2025-05-27 19:39:00.029150Z,0,39.001174,-74.914534
bluetooth,13323C65,2025-05-27 19:39:00.271186Z,-80,39.001174,-74.914534,34468,1,0,2984,22.69
bluetooth,367E0F4A,2025-05-27 19:39:00.515780Z,-76,39.001174,-74.914534,45937,1,0,2956,24.31
bluetooth,A648A0E7,2025-05-27 19:39:00.661076Z,-74,39.001174,-74.914534,13971,1,0,2982,23.12
bluetooth,2172633A,2025-05-27 19:39:00.856177Z,-74,39.001174,-74.914534,2389,2,0,1564,22.21
bluetooth,59FE8D30,2025-05-27 19:39:00.857530Z,-77,39.001174,-74.914534,21537,1,0,1867,22.54
bluetooth,77AAF9E2,2025-05-27 19:39:01.100277Z,-81,39.001183,-74.914529,22115,1,0,1615,25.88
bluetooth,13323C65,2025-05-27 19:39:01.344110Z,-81,39.001183,-74.914529,55182,1,0,2984,22.87
bluetooth,A648A0E7,2025-05-27 19:39:01.685498Z,-74,39.001183,-74.914529,25627,1,0,2982,23.27
radio434mhz,1E336107,2025-05-27 19:39:01.781820Z,-76,39.001183,-74.914529
bluetooth,59FE8D30,2025-05-27 19:39:01.831687Z,-78,39.001183,-74.914529,27894,1,0,1867,22.51
bluetooth,D7510A57,2025-05-27 19:39:02.075450Z,-74,39.001191,-74.914528,20523,1,0,1899,23.83
bluetooth,23D9727E,2025-05-27 19:39:02.270677Z,-49,39.001191,-74.914528,40072,2,0,1553,32.83
radio434mhz,071E6661,2025-05-27 19:39:02.416011Z,-102,39.001191,-74.914528
bluetooth,367E0F4A,2025-05-27 19:39:02.563232Z,-82,39.001191,-74.914528,8155,1,0,2956,24.13
bluetooth,A648A0E7,2025-05-27 19:39:02.708579Z,-74,39.001191,-74.914528,33923,1,0,2984,23.32
bluetooth,870614B1,2025-05-27 19:39:02.855010Z,-51,39.001191,-74.914528,27283,2,0,1560,17.56
bluetooth,3F9E3319,2025-05-27 19:39:03.049588Z,-81,39.001199,-74.914527,28167,1,0,1604,26.89
bluetooth,2172633A,2025-05-27 19:39:03.829822Z,-77,39.001199,-74.914527,12384,2,0,1563,22.13
bluetooth,D7510A57,2025-05-27 19:39:04.026890Z,-83,39.001199,-74.914527,46522,1,0,1899,24.00
bluetooth,13323C65,2025-05-27 19:39:04.366856Z,-76,39.001212,-74.914529,10596,1,0,2984,22.59
bluetooth,77AAF9E2,2025-05-27 19:39:04.708210Z,-80,39.001212,-74.914529,18628,1,0,1616,25.62
bluetooth,A648A0E7,2025-05-27 19:39:04.709386Z,-67,39.001212,-74.914529,32030,1,0,2984,23.15
bluetooth,B78FE24A,2025-05-27 19:39:04.853577Z,-77,39.001212,-74.914529,52368,1,0,1826,24.81
bluetooth,81D187E3,2025-05-27 19:39:05.048459Z,-69,39.001218,-74.914541,63866,1,0,2962,24.81
bluetooth,23D9727E,2025-05-27 19:39:05.341286Z,-50,39.001218,-74.914541,38095,2,0,1553,32.90
bluetooth,0000006E,2025-05-27 19:39:05.342458Z,-82,39.001218,-74.914541,27252,1,0,1867,23.58
radio434mhz,071E6661,2025-05-27 19:39:05.585275Z,-93,39.001218,-74.914541
bluetooth,367E0F4A,2025-05-27 19:39:05.682266Z,-69,39.001218,-74.914541,19598,1,0,2956,24.46
bluetooth,870614B1,2025-05-27 19:39:05.878299Z,-53,39.001218,-74.914541,34892,2,0,1558,17.64
bluetooth,59FE8D30,2025-05-27 19:39:05.879672Z,-72,39.001218,-74.914541,30880,1,0,1867,22.56
bluetooth,81D187E3,2025-05-27 19:39:06.023562Z,-81,39.001218,-74.914541,61806,1,0,2962,24.79
bluetooth,D7510A57,2025-05-27 19:39:06.072035Z,-71,39.001216,-74.914554,46305,1,0,1899,23.88
bluetooth,E197FE3E,2025-05-27 19:39:06.267399Z,-84,39.001216,-74.914554,59610,1,0,1619,27.04
bluetooth,13323C65,2025-05-27 19:39:06.413618Z,-75,39.001216,-74.914554,9469,1,0,2985,22.87
bluetooth,A648A0E7,2025-05-27 19:39:06.755638Z,-68,39.001216,-74.914554,44546,1,0,2984,23.12
bluetooth,D7510A57,2025-05-27 19:39:07.051659Z,-68,39.001217,-74.914566,44413,1,0,1900,23.88
radio434mhz,1E336107,2025-05-27 19:39:07.051917Z,-78,39.001217,-74.914566
bluetooth,07F9389E,2025-05-27 19:39:07.193685Z,-71,39.001217,-74.914566,28620,2,0,1543,25.62
bluetooth,13323C65,2025-05-27 19:39:07.437366Z,-76,39.001217,-74.914566,49307,1,0,2984,22.79
bluetooth,A648A0E7,2025-05-27 19:39:07.779372Z,-70,39.001217,-74.914566,8454,1,0,2983,22.94
bluetooth,D7510A57,2025-05-27 19:39:08.022170Z,-76,39.001217,-74.914566,25651,1,0,1899,23.93
bluetooth,0000006E,2025-05-27 19:39:08.314921Z,-79,39.001217,-74.914572,5728,1,0,1867,23.80
bluetooth,23D9727E,2025-05-27 19:39:08.413070Z,-57,39.001217,-74.914572,33288,2,0,1553,32.85
bluetooth,13323C65,2025-05-27 19:39:08.461746Z,-78,39.001217,-74.914572,49025,1,0,2984,22.94
radio434mhz,071E6661,2025-05-27 19:39:08.753644Z,-103,39.001217,-74.914572
bluetooth,A648A0E7,2025-05-27 19:39:08.755893Z,-74,39.001217,-74.914572,23914,1,0,2983,23.42
bluetooth,19836CFF,2025-05-27 19:39:08.900700Z,-82,39.001217,-74.914572,38569,1,0,1842,22.99
bluetooth,59FE8D30,2025-05-27 19:39:08.902235Z,-72,39.001217,-74.914572,2035,1,0,1867,22.36
bluetooth,870614B1,2025-05-27 19:39:08.902537Z,-52,39.001217,-74.914572,7486,2,0,1559,17.74
bluetooth,13323C65,2025-05-27 19:39:09.485660Z,-75,39.001208,-74.914550,2903,1,0,2984,22.61
bluetooth,A648A0E7,2025-05-27 19:39:09.828990Z,-70,39.001208,-74.914550,9191,1,0,2982,23.42
bluetooth,2172633A,2025-05-27 19:39:09.829408Z,-75,39.001208,-74.914550,8488,2,0,1562,22.16
bluetooth,D7510A57,2025-05-27 19:39:10.023523Z,-79,39.001208,-74.914550,51566,1,0,1899,23.93
userLocation,user,2025-05-27 19:39:10.031299Z,0,39.001209,-74.914574
bluetooth,367E0F4A,2025-05-27 19:39:10.801210Z,-79,39.001209,-74.914574,18396,1,0,2957,24.33
bluetooth,A648A0E7,2025-05-27 19:39:10.802618Z,-75,39.001209,-74.914574,60986,1,0,2982,23.45
bluetooth,23D9727E,2025-05-27 19:39:11.434938Z,-52,39.001201,-74.914554,33460,2,0,1554,33.03
bluetooth,367E0F4A,2025-05-27 19:39:11.778984Z,-77,39.001201,-74.914554,53350,1,0,2955,24.21
bluetooth,19836CFF,2025-05-27 19:39:11.874518Z,-84,39.001201,-74.914554,36830,1,0,1843,23.15
bluetooth,870614B1,2025-05-27 19:39:11.875316Z,-46,39.001201,-74.914554,39985,2,0,1559,17.59
radio434mhz,1E336107,2025-05-27 19:39:12.311949Z,-78,39.001204,-74.914564
bluetooth,367E0F4A,2025-05-27 19:39:13.873177Z,-83,39.001205,-74.914567,37640,1,0,2955,24.38
bluetooth,367E0F4A,2025-05-27 19:39:14.801188Z,-77,39.001209,-74.914569,61194,1,0,2956,24.33
bluetooth,870614B1,2025-05-27 19:39:14.896842Z,-47,39.001209,-74.914569,20478,2,0,1559,17.79
bluetooth,2172633A,2025-05-27 19:39:15.822688Z,-76,39.001207,-74.914560,64394,2,0,1562,22.26
bluetooth,367E0F4A,2025-05-27 19:39:15.872019Z,-74,39.001207,-74.914560,25890,1,0,2955,24.11
bluetooth,59FE8D30,2025-05-27 19:39:15.873967Z,-81,39.001207,-74.914560,32374,1,0,1868,22.72
bluetooth,367E0F4A,2025-05-27 19:39:16.847015Z,-74,39.001202,-74.914556,17390,1,0,2957,24.21
bluetooth,0000006E,2025-05-27 19:39:17.285741Z,-84,39.001197,-74.914555,34465,1,0,1868,23.78
bluetooth,23D9727E,2025-05-27 19:39:17.529272Z,-53,39.001197,-74.914555,42315,2,0,1554,32.88
radio434mhz,1E336107,2025-05-27 19:39:17.577874Z,-77,39.001197,-74.914555
bluetooth,367E0F4A,2025-05-27 19:39:17.870726Z,-80,39.001197,-74.914555,16400,1,0,2956,24.43
bluetooth,870614B1,2025-05-27 19:39:17.872259Z,-49,39.001197,-74.914555,13007,2,0,1559,17.64
bluetooth,D7510A57,2025-05-27 19:39:18.114480Z,-78,39.001197,-74.914555,9055,1,0,1900,23.90
radio434mhz,071E6661,2025-05-27 19:39:18.259884Z,-94,39.001197,-74.914555
bluetooth,2172633A,2025-05-27 19:39:18.845015Z,-77,39.001197,-74.914555,62822,2,0,1563,22.06
bluetooth,A648A0E7,2025-05-27 19:39:18.991955Z,-73,39.001197,-74.914555,46807,1,0,2982,23.45
bluetooth,81D187E3,2025-05-27 19:39:19.088898Z,-74,39.001185,-74.914519,30502,1,0,2963,24.86
bluetooth,D7510A57,2025-05-27 19:39:19.089564Z,-76,39.001185,-74.914519,44925,1,0,1899,24.03
bluetooth,367E0F4A,2025-05-27 19:39:19.966404Z,-75,39.001185,-74.914519,50444,1,0,2956,24.54
userLocation,user,2025-05-27 19:39:20.036143Z,0,39.001198,-74.914547
bluetooth,D7510A57,2025-05-27 19:39:20.066163Z,-73,39.001198,-74.914547,43847,1,0,1899,23.95
bluetooth,0000006E,2025-05-27 19:39:20.210657Z,-76,39.001198,-74.914547,24746,1,0,1867,23.65
bluetooth,23D9727E,2025-05-27 19:39:20.600787Z,-51,39.001198,-74.914547,43817,2,0,1553,32.88
bluetooth,59FE8D30,2025-05-27 19:39:20.893247Z,-72,39.001198,-74.914547,55577,1,0,1867,22.44
bluetooth,A648A0E7,2025-05-27 19:39:20.941954Z,-69,39.001198,-74.914547,30231,1,0,2982,23.25
bluetooth,367E0F4A,2025-05-27 19:39:20.943173Z,-73,39.001198,-74.914547,41761,1,0,2956,24.43
radio434mhz,071E6661,2025-05-27 19:39:21.429134Z,-94,39.001196,-74.914550
bluetooth,13323C65,2025-05-27 19:39:21.673306Z,-70,39.001196,-74.914550,30935,1,0,2984,22.74
bluetooth,367E0F4A,2025-05-27 19:39:21.965285Z,-75,39.001196,-74.914550,59389,1,0,2956,24.38
bluetooth,D7510A57,2025-05-27 19:39:22.062645Z,-68,39.001203,-74.914550,2912,1,0,1899,23.83
bluetooth,E197FE3E,2025-05-27 19:39:22.160242Z,-83,39.001203,-74.914550,2922,1,0,1619,27.21
radio434mhz,1E336107,2025-05-27 19:39:22.842068Z,-78,39.001203,-74.914550
bluetooth,59FE8D30,2025-05-27 19:39:22.891421Z,-67,39.001203,-74.914550,53563,1,0,1867,22.44
bluetooth,A648A0E7,2025-05-27 19:39:22.989250Z,-67,39.001203,-74.914550,59251,1,0,2984,23.27
bluetooth,81D187E3,2025-05-27 19:39:23.086507Z,-75,39.001208,-74.914551,6897,1,0,2962,24.84
bluetooth,23D9727E,2025-05-27 19:39:23.622786Z,-60,39.001208,-74.914551,49922,2,0,1554,32.98
bluetooth,13323C65,2025-05-27 19:39:23.671393Z,-76,39.001208,-74.914551,9712,1,0,2984,22.89
bluetooth,870614B1,2025-05-27 19:39:23.869489Z,-47,39.001208,-74.914551,44691,2,0,1558,17.76
bluetooth,81D187E3,2025-05-27 19:39:24.110794Z,-76,39.001217,-74.914553,22044,1,0,2960,24.84
bluetooth,3F9E3319,2025-05-27 19:39:24.256454Z,-83,39.001217,-74.914553,53392,1,0,1603,27.01
bluetooth,A648A0E7,2025-05-27 19:39:24.988213Z,-75,39.001217,-74.914553,53987,1,0,2983,22.89
bluetooth,13323C65,2025-05-27 19:39:25.719796Z,-79,39.001229,-74.914566,213,1,0,2984,22.72
bluetooth,A648A0E7,2025-05-27 19:39:26.060814Z,-76,39.001239,-74.914576,35829,1,0,2983,23.58
bluetooth,23D9727E,2025-05-27 19:39:26.742509Z,-58,39.001239,-74.914576,55500,2,0,1553,33.03
bluetooth,3F9E3319,2025-05-27 19:39:26.743515Z,-81,39.001239,-74.914576,6860,1,0,1606,26.73
bluetooth,A648A0E7,2025-05-27 19:39:27.083936Z,-77,39.001251,-74.914586,11753,1,0,2982,23.52
bluetooth,81D187E3,2025-05-27 19:39:27.085836Z,-79,39.001251,-74.914586,45834,1,0,2961,24.81
radio434mhz,071E6661,2025-05-27 19:39:27.717638Z,-98,39.001251,-74.914586
bluetooth,13323C65,2025-05-27 19:39:27.815253Z,-76,39.001251,-74.914586,24035,1,0,2984,22.69
bluetooth,A648A0E7,2025-05-27 19:39:28.058899Z,-81,39.001258,-74.914596,25143,1,0,2982,23.50
bluetooth,367E0F4A,2025-05-27 19:39:28.060459Z,-77,39.001258,-74.914596,35080,1,0,2956,24.36
bluetooth,3F9E3319,2025-05-27 19:39:28.351605Z,-83,39.001258,-74.914596,48924,1,0,1605,26.96
bluetooth,13323C65,2025-05-27 19:39:28.791242Z,-82,39.001258,-74.914596,48643,1,0,2984,22.87
bluetooth,23D9727E,2025-05-27 19:39:29.765422Z,-57,39.001267,-74.914605,56504,2,0,1554,32.88
bluetooth,77AAF9E2,2025-05-27 19:39:29.766290Z,-84,39.001267,-74.914605,10509,1,0,1617,25.85
bluetooth,870614B1,2025-05-27 19:39:29.911571Z,-48,39.001267,-74.914605,22077,2,0,1558,17.64
userLocation,user,2025-05-27 19:39:30.029459Z,0,39.001263,-74.914590
bluetooth,13323C65,2025-05-27 19:39:30.837452Z,-74,39.001263,-74.914590,54615,1,0,2982,22.89
bluetooth,A648A0E7,2025-05-27 19:39:31.081465Z,-76,39.001283,-74.914615,18527,1,0,2982,23.30
bluetooth,367E0F4A,2025-05-27 19:39:31.178950Z,-76,39.001283,-74.914615,43009,1,0,2956,24.33
bluetooth,D7510A57,2025-05-27 19:39:32.056030Z,-76,39.001294,-74.914618,53782,1,0,1900,23.80
bluetooth,D7510A57,2025-05-27 19:39:33.031150Z,-77,39.001306,-74.914621,33883,1,0,1899,23.95
bluetooth,3F9E3319,2025-05-27 19:39:33.179956Z,-84,39.001306,-74.914621,31034,1,0,1604,26.89
radio434mhz,1E336107,2025-05-27 19:39:33.323740Z,-79,39.001306,-74.914621
bluetooth,13323C65,2025-05-27 19:39:33.909635Z,-78,39.001306,-74.914621,5678,1,0,2984,22.79
radio434mhz,071E6661,2025-05-27 19:39:34.055406Z,-102,39.001320,-74.914627
bluetooth,A648A0E7,2025-05-27 19:39:34.152944Z,-77,39.001320,-74.914627,52609,1,0,2983,23.45
bluetooth,13323C65,2025-05-27 19:39:34.884169Z,-76,39.001320,-74.914627,8163,1,0,2984,22.84
bluetooth,19836CFF,2025-05-27 19:39:36.980329Z,-84,39.001339,-74.914642,54273,1,0,1843,22.89
bluetooth,A648A0E7,2025-05-27 19:39:37.176098Z,-76,39.001344,-74.914655,29146,1,0,2983,23.30
radio434mhz,071E6661,2025-05-27 19:39:37.225049Z,-97,39.001344,-74.914655
bluetooth,77AAF9E2,2025-05-27 19:39:37.858583Z,-83,39.001344,-74.914655,10097,1,0,1617,25.90
bluetooth,B78FE24A,2025-05-27 19:39:37.859641Z,-81,39.001344,-74.914655,24918,1,0,1828,24.86
bluetooth,59FE8D30,2025-05-27 19:39:37.906976Z,-79,39.001344,-74.914655,8641,1,0,1866,22.49
bluetooth,A648A0E7,2025-05-27 19:39:38.199684Z,-71,39.001350,-74.914668,62994,1,0,2983,23.27
radio434mhz,1E336107,2025-05-27 19:39:38.588903Z,-81,39.001350,-74.914668
bluetooth,E2A807D7,2025-05-27 19:39:38.735357Z,-82,39.001350,-74.914668,47630,1,0,1862,24.43
bluetooth,B78FE24A,2025-05-27 19:39:38.786057Z,-82,39.001350,-74.914668,3171,1,0,1829,24.89
bluetooth,23D9727E,2025-05-27 19:39:38.881586Z,-76,39.001350,-74.914668,61807,2,0,1553,32.83
bluetooth,870614B1,2025-05-27 19:39:38.930331Z,-49,39.001350,-74.914668,31692,2,0,1559,17.69
userLocation,user,2025-05-27 19:39:40.027545Z,0,39.001358,-74.914697
bluetooth,870614B1,2025-05-27 19:39:41.903952Z,-53,39.001358,-74.914696,40271,2,0,1559,17.66
bluetooth,23D9727E,2025-05-27 19:39:41.953504Z,-66,39.001358,-74.914696,52681,2,0,1553,32.95
radio434mhz,1E336107,2025-05-27 19:39:49.070979Z,-81,39.001270,-74.914676
userLocation,user,2025-05-27 19:39:50.028124Z,0,39.001266,-74.914679
radio434mhz,071E6661,2025-05-27 19:39:50.192174Z,-108,39.001266,-74.914679
bluetooth,870614B1,2025-05-27 19:39:50.922847Z,-50,39.001266,-74.914679,40827,2,0,1559,17.64
bluetooth,D7510A57,2025-05-27 19:39:51.069006Z,-76,39.001257,-74.914671,49294,1,0,1900,23.80
bluetooth,D7510A57,2025-05-27 19:39:52.048534Z,-75,39.001247,-74.914670,33803,1,0,1899,23.83
bluetooth,59FE8D30,2025-05-27 19:39:52.921921Z,-83,39.001247,-74.914670,33042,1,0,1868,22.51
bluetooth,13323C65,2025-05-27 19:39:53.214971Z,-80,39.001235,-74.914672,19090,1,0,2983,22.92
radio434mhz,071E6661,2025-05-27 19:39:53.312005Z,-100,39.001235,-74.914672
bluetooth,A648A0E7,2025-05-27 19:39:53.360948Z,-77,39.001235,-74.914672,57852,1,0,2982,23.37
bluetooth,870614B1,2025-05-27 19:39:53.896731Z,-55,39.001235,-74.914672,3926,2,0,1558,17.31
bluetooth,D7510A57,2025-05-27 19:39:58.043852Z,-71,39.001185,-74.914687,15287,1,0,1900,23.85
bluetooth,367E0F4A,2025-05-27 19:39:58.723238Z,-83,39.001185,-74.914687,57624,1,0,2956,24.31
radio434mhz,1E336107,2025-05-27 19:39:59.552080Z,-80,39.001178,-74.914700
userLocation,user,2025-05-27 19:40:00.027882Z,0,39.001170,-74.914706
bluetooth,77AAF9E2,2025-05-27 19:40:00.722006Z,-85,39.001170,-74.914706,5650,1,0,1617,25.88
bluetooth,2172633A,2025-05-27 19:40:00.819741Z,-71,39.001170,-74.914706,37156,2,0,1562,22.34
bluetooth,D7510A57,2025-05-27 19:40:01.063523Z,-75,39.001164,-74.914709,7550,1,0,1899,23.78
bluetooth,5504D31A,2025-05-27 19:40:01.892207Z,-81,39.001164,-74.914709,62934,2,0,1561,26.63
bluetooth,0000006E,2025-05-27 19:40:02.233651Z,-72,39.001162,-74.914710,47069,1,0,1868,23.65
radio434mhz,071E6661,2025-05-27 19:40:02.817830Z,-108,39.001162,-74.914710
bluetooth,870614B1,2025-05-27 19:40:02.915754Z,-58,39.001162,-74.914710,31591,2,0,1559,17.23
bluetooth,2172633A,2025-05-27 19:40:03.841754Z,-74,39.001173,-74.914706,35340,2,0,1563,22.11
bluetooth,D7510A57,2025-05-27 19:40:03.988057Z,-80,39.001173,-74.914706,55141,1,0,1899,23.83
radio434mhz,1E336107,2025-05-27 19:40:04.768025Z,-80,39.001179,-74.914706
bluetooth,870614B1,2025-05-27 19:40:05.889454Z,-50,39.001172,-74.914702,28564,2,0,1559,17.03
bluetooth,0000006E,2025-05-27 19:40:08.180953Z,-78,39.001172,-74.914683,50178,1,0,1866,23.88
bluetooth,59FE8D30,2025-05-27 19:40:08.863559Z,-79,39.001172,-74.914683,48805,1,0,1867,22.41
bluetooth,870614B1,2025-05-27 19:40:08.911907Z,-55,39.001172,-74.914683,37755,2,0,1559,17.21
radio434mhz,071E6661,2025-05-27 19:40:09.155705Z,-108,39.001179,-74.914689
bluetooth,23D9727E,2025-05-27 19:40:09.399095Z,-57,39.001179,-74.914689,33438,2,0,1554,32.77
bluetooth,2172633A,2025-05-27 19:40:09.838423Z,-82,39.001179,-74.914689,57957,2,0,1563,22.29
bluetooth,59FE8D30,2025-05-27 19:40:09.886869Z,-71,39.001179,-74.914689,24724,1,0,1867,22.44
bluetooth,D7510A57,2025-05-27 19:40:09.984251Z,-75,39.001179,-74.914689,45864,1,0,1899,23.88
radio434mhz,1E336107,2025-05-27 19:40:10.035246Z,-81,39.001179,-74.914689
userLocation,user,2025-05-27 19:40:10.035368Z,0,39.001164,-74.914670
bluetooth,59FE8D30,2025-05-27 19:40:10.861881Z,-80,39.001164,-74.914670,17555,1,0,1868,22.51
bluetooth,367E0F4A,2025-05-27 19:40:10.959524Z,-83,39.001164,-74.914670,39913,1,0,2956,24.51
bluetooth,D7510A57,2025-05-27 19:40:11.008003Z,-75,39.001164,-74.914670,7592,1,0,1900,23.80
bluetooth,59FE8D30,2025-05-27 19:40:11.885440Z,-76,39.001150,-74.914675,30818,1,0,1868,22.36
bluetooth,870614B1,2025-05-27 19:40:11.934677Z,-47,39.001150,-74.914675,4539,2,0,1559,17.26
radio434mhz,071E6661,2025-05-27 19:40:12.324279Z,-102,39.001138,-74.914682
bluetooth,23D9727E,2025-05-27 19:40:12.422517Z,-50,39.001138,-74.914682,48140,2,0,1554,32.72
bluetooth,2172633A,2025-05-27 19:40:12.861199Z,-77,39.001138,-74.914682,58118,2,0,1563,22.16
bluetooth,59FE8D30,2025-05-27 19:40:13.884799Z,-78,39.001128,-74.914690,57712,1,0,1867,22.51
bluetooth,D7510A57,2025-05-27 19:40:14.031130Z,-78,39.001128,-74.914690,50239,1,0,1900,24.00
radio434mhz,1E336107,2025-05-27 19:40:15.298016Z,-76,39.001108,-74.914706
bluetooth,23D9727E,2025-05-27 19:40:15.493028Z,-55,39.001108,-74.914706,43567,2,0,1552,32.90
radio434mhz,071E6661,2025-05-27 19:40:15.495157Z,-109,39.001108,-74.914706
bluetooth,59FE8D30,2025-05-27 19:40:15.883201Z,-79,39.001108,-74.914706,39972,1,0,1867,22.36
bluetooth,2172633A,2025-05-27 19:40:15.885213Z,-81,39.001108,-74.914706,64876,2,0,1563,22.03
bluetooth,367E0F4A,2025-05-27 19:40:16.032189Z,-82,39.001108,-74.914706,12064,1,0,2956,24.41
bluetooth,59FE8D30,2025-05-27 19:40:16.858246Z,-79,39.001099,-74.914720,52571,1,0,1868,22.44
bluetooth,367E0F4A,2025-05-27 19:40:17.053739Z,-83,39.001091,-74.914722,16309,1,0,2957,24.51
bluetooth,07F9389E,2025-05-27 19:40:17.297072Z,-82,39.001091,-74.914722,26760,2,0,1542,25.62
bluetooth,870614B1,2025-05-27 19:40:17.930788Z,-42,39.001091,-74.914722,16452,2,0,1559,17.13
bluetooth,D7510A57,2025-05-27 19:40:18.028508Z,-77,39.001091,-74.914722,8124,1,0,1900,23.70
bluetooth,23D9727E,2025-05-27 19:40:18.515855Z,-51,39.001083,-74.914727,41549,2,0,1554,32.65
radio434mhz,071E6661,2025-05-27 19:40:18.613713Z,-113,39.001083,-74.914727
userLocation,user,2025-05-27 19:40:20.036884Z,0,39.001064,-74.914724
radio434mhz,1E336107,2025-05-27 19:40:20.514385Z,-81,39.001064,-74.914724
bluetooth,23D9727E,2025-05-27 19:40:21.587075Z,-56,39.001064,-74.914713,28426,2,0,1553,32.65
radio434mhz,071E6661,2025-05-27 19:40:21.782493Z,-108,39.001064,-74.914713
bluetooth,870614B1,2025-05-27 19:40:23.927635Z,-49,39.001081,-74.914690,2076,2,0,1559,16.98
bluetooth,23D9727E,2025-05-27 19:40:24.659004Z,-58,39.001091,-74.914681,27321,2,0,1554,32.72
radio434mhz,1E336107,2025-05-27 19:40:25.780134Z,-79,39.001099,-74.914670
bluetooth,870614B1,2025-05-27 19:40:26.900883Z,-53,39.001103,-74.914656,40566,2,0,1558,17.00
radio434mhz,071E6661,2025-05-27 19:40:28.118999Z,-103,39.001095,-74.914626
bluetooth,367E0F4A,2025-05-27 19:40:28.315158Z,-82,39.001095,-74.914626,45852,1,0,2955,24.56
bluetooth,0000006E,2025-05-27 19:40:28.996928Z,-84,39.001095,-74.914626,18735,1,0,1867,23.78
bluetooth,870614B1,2025-05-27 19:40:29.923Z,-55,39.001084,-74.914616,63859,2,0,1557,17.13
userLocation,user,2025-05-27 19:40:30.031395Z,0,39.001069,-74.914615
bluetooth,367E0F4A,2025-05-27 19:40:30.411443Z,-82,39.001069,-74.914615,29680,1,0,2957,24.18
bluetooth,23D9727E,2025-05-27 19:40:30.703947Z,-52,39.001069,-74.914615,20230,2,0,1554,32.60
bluetooth,59FE8D30,2025-05-27 19:40:30.849536Z,-82,39.001069,-74.914615,36446,1,0,1868,22.61
bluetooth,D7510A57,2025-05-27 19:40:30.998193Z,-80,39.001069,-74.914615,11844,1,0,1899,23.80
radio434mhz,1E336107,2025-05-27 19:40:31.095221Z,-80,39.001060,-74.914610
bluetooth,870614B1,2025-05-27 19:40:32.897301Z,-48,39.001051,-74.914602,29881,2,0,1558,17.03
radio434mhz,071E6661,2025-05-27 19:40:34.700749Z,-107,39.001031,-74.914582
bluetooth,870614B1,2025-05-27 19:40:35.919784Z,-60,39.001024,-74.914570,20247,2,0,1559,16.93
radio434mhz,1E336107,2025-05-27 19:40:36.309794Z,-76,39.001018,-74.914557
bluetooth,23D9727E,2025-05-27 19:40:36.797258Z,-53,39.001018,-74.914557,22138,2,0,1554,32.55
bluetooth,23D9727E,2025-05-27 19:40:39.868880Z,-56,39.001035,-74.914522,12784,2,0,1552,32.52
userLocation,user,2025-05-27 19:40:40.030057Z,0,39.001045,-74.914519
radio434mhz,1E336107,2025-05-27 19:40:41.574460Z,-79,39.001049,-74.914514
bluetooth,870614B1,2025-05-27 19:40:41.916542Z,-56,39.001049,-74.914514,40567,2,0,1559,16.95
radio434mhz,071E6661,2025-05-27 19:40:44.206963Z,-106,39.001060,-74.914463
bluetooth,870614B1,2025-05-27 19:40:44.890299Z,-55,39.001060,-74.914463,60134,2,0,1558,17.13
bluetooth,23D9727E,2025-05-27 19:40:45.962354Z,-53,39.001055,-74.914450,9502,2,0,1553,32.52
radio434mhz,1E336107,2025-05-27 19:40:46.839549Z,-81,39.001056,-74.914436
bluetooth,870614B1,2025-05-27 19:40:47.913055Z,-57,39.001052,-74.914418,50547,2,0,1558,17.00
userLocation,user,2025-05-27 19:40:50.030314Z,0,39.001035,-74.914390
bluetooth,23D9727E,2025-05-27 19:40:52.104763Z,-61,39.001031,-74.914369,6633,2,0,1552,32.60
radio434mhz,1E336107,2025-05-27 19:40:52.153569Z,-78,39.001031,-74.914369
radio434mhz,071E6661,2025-05-27 19:40:53.713375Z,-107,39.001032,-74.914360
bluetooth,870614B1,2025-05-27 19:40:53.908310Z,-59,39.001032,-74.914360,18681,2,0,1558,16.98
