Tag Type,Tag Id,Time (UTC),RSSI,Latitude,Longitude,beep_number,tagFamily,payloadType,solar_mV,temperature_C
bluetooth,59FE8D30,2025-05-27 19:43:58.917009Z,-73,39.001014,-74.914386,55939,1,0,1870,22.67
bluetooth,D7510A57,2025-05-27 19:43:59.112018Z,-75,39.001018,-74.914387,8325,1,0,1902,23.83
bluetooth,367E0F4A,2025-05-27 19:43:59.550913Z,-75,39.001018,-74.914387,64313,1,0,2956,24.54
bluetooth,A648A0E7,2025-05-27 19:43:59.745915Z,-76,39.001018,-74.914387,28208,1,0,2983,23.30
bluetooth,81D187E3,2025-05-27 19:43:59.941133Z,-80,39.001018,-74.914387,53786,1,0,2961,24.84
bluetooth,E197FE3E,2025-05-27 19:43:59.942077Z,-83,39.001018,-74.914387,17285,1,0,1619,27.24
userLocation,user,2025-05-27 19:44:00.030422Z,0,39.001020,-74.914386
bluetooth,E2A807D7,2025-05-27 19:44:00.186109Z,-81,39.001020,-74.914386,58362,1,0,1869,24.21
bluetooth,870614B1,2025-05-27 19:44:00.428465Z,-54,39.001020,-74.914386,19854,2,0,1554,19.66
bluetooth,367E0F4A,2025-05-27 19:44:00.574608Z,-81,39.001020,-74.914386,21221,1,0,2956,24.43
bluetooth,3F9E3319,2025-05-27 19:44:00.720861Z,-79,39.001020,-74.914386,10803,1,0,1606,26.63
bluetooth,A648A0E7,2025-05-27 19:44:00.769494Z,-80,39.001020,-74.914386,13532,1,0,2982,23.37
bluetooth,23D9727E,2025-05-27 19:44:00.866933Z,-40,39.001020,-74.914386,13303,2,0,1554,32.29
bluetooth,B78FE24A,2025-05-27 19:44:00.915998Z,-82,39.001020,-74.914386,4782,1,0,1835,24.71
bluetooth,D7510A57,2025-05-27 19:44:01.207900Z,-69,39.001025,-74.914387,10831,1,0,1902,23.70
radio434mhz,071E6661,2025-05-27 19:44:01.402521Z,-110,39.001025,-74.914387
bluetooth,3F9E3319,2025-05-27 19:44:01.548977Z,-81,39.001025,-74.914387,16131,1,0,1603,26.86
bluetooth,13323C65,2025-05-27 19:44:01.597996Z,-82,39.001025,-74.914387,40350,1,0,2983,22.82
bluetooth,D7510A57,2025-05-27 19:44:02.182441Z,-73,39.001031,-74.914393,16284,1,0,1902,23.70
bluetooth,E2A807D7,2025-05-27 19:44:02.232203Z,-79,39.001031,-74.914393,23785,1,0,1870,23.90
bluetooth,77AAF9E2,2025-05-27 19:44:02.329070Z,-82,39.001031,-74.914393,46286,1,0,1616,25.82
bluetooth,E197FE3E,2025-05-27 19:44:02.475690Z,-79,39.001031,-74.914393,56386,1,0,1619,27.29
bluetooth,367E0F4A,2025-05-27 19:44:02.622206Z,-75,39.001031,-74.914393,23097,1,0,2956,24.33
bluetooth,A648A0E7,2025-05-27 19:44:02.816980Z,-77,39.001031,-74.914393,38466,1,0,2983,23.17
bluetooth,B78FE24A,2025-05-27 19:44:02.914719Z,-82,39.001031,-74.914393,36194,1,0,1834,24.97
bluetooth,E2A807D7,2025-05-27 19:44:03.206936Z,-85,39.001038,-74.914404,7150,1,0,1867,24.21
bluetooth,E197FE3E,2025-05-27 19:44:03.304675Z,-79,39.001038,-74.914404,25756,1,0,1618,27.19
radio434mhz,1E336107,2025-05-27 19:44:03.352446Z,-66,39.001038,-74.914404
bluetooth,3F9E3319,2025-05-27 19:44:03.840910Z,-83,39.001038,-74.914404,64928,1,0,1604,26.73
bluetooth,B78FE24A,2025-05-27 19:44:03.938583Z,-74,39.001038,-74.914404,23274,1,0,1835,24.84
bluetooth,81D187E3,2025-05-27 19:44:03.939714Z,-83,39.001038,-74.914404,33791,1,0,2962,24.79
bluetooth,2172633A,2025-05-27 19:44:04.038691Z,-71,39.001043,-74.914414,14660,2,0,1562,22.13
bluetooth,D7510A57,2025-05-27 19:44:04.133542Z,-70,39.001043,-74.914414,19699,1,0,1902,23.73
bluetooth,E2A807D7,2025-05-27 19:44:04.182376Z,-86,39.001043,-74.914414,29094,1,0,1869,24.03
radio434mhz,071E6661,2025-05-27 19:44:04.620944Z,-101,39.001043,-74.914414
bluetooth,13323C65,2025-05-27 19:44:04.669021Z,-78,39.001043,-74.914414,1508,1,0,2984,22.87
bluetooth,59FE8D30,2025-05-27 19:44:05.937266Z,-70,39.001047,-74.914423,49440,1,0,1870,22.21
bluetooth,D7510A57,2025-05-27 19:44:06.180338Z,-66,39.001051,-74.914429,6588,1,0,1901,23.68
bluetooth,870614B1,2025-05-27 19:44:06.424340Z,-65,39.001051,-74.914429,12705,2,0,1560,19.71
bluetooth,E197FE3E,2025-05-27 19:44:06.668166Z,-78,39.001051,-74.914429,45843,1,0,1618,27.19
bluetooth,367E0F4A,2025-05-27 19:44:06.669277Z,-71,39.001051,-74.914429,15300,1,0,2956,24.18
bluetooth,13323C65,2025-05-27 19:44:06.716567Z,-76,39.001051,-74.914429,6514,1,0,2983,22.74
bluetooth,3F9E3319,2025-05-27 19:44:06.960496Z,-83,39.001051,-74.914429,54899,1,0,1604,26.73
bluetooth,59FE8D30,2025-05-27 19:44:06.962117Z,-70,39.001051,-74.914429,34531,1,0,1872,22.39
bluetooth,23D9727E,2025-05-27 19:44:06.962435Z,-57,39.001051,-74.914429,22826,2,0,1554,32.19
bluetooth,2172633A,2025-05-27 19:44:07.010278Z,-76,39.001051,-74.914429,16192,2,0,1564,22.08
bluetooth,D7510A57,2025-05-27 19:44:07.155506Z,-71,39.001052,-74.914446,40084,1,0,1901,23.75
bluetooth,0000006E,2025-05-27 19:44:07.301680Z,-71,39.001052,-74.914446,2407,1,0,1871,23.63
bluetooth,367E0F4A,2025-05-27 19:44:07.691803Z,-72,39.001052,-74.914446,55090,1,0,2956,24.56
bluetooth,13323C65,2025-05-27 19:44:07.740463Z,-78,39.001052,-74.914446,19169,1,0,2984,22.84
bluetooth,07F9389E,2025-05-27 19:44:07.741414Z,-74,39.001052,-74.914446,18781,2,0,1542,25.67
radio434mhz,071E6661,2025-05-27 19:44:07.789745Z,-98,39.001052,-74.914446
bluetooth,D7510A57,2025-05-27 19:44:08.179604Z,-62,39.001054,-74.914459,65444,1,0,1902,23.83
radio434mhz,1E336107,2025-05-27 19:44:08.666019Z,-52,39.001054,-74.914459
bluetooth,367E0F4A,2025-05-27 19:44:08.716102Z,-76,39.001054,-74.914459,49069,1,0,2956,24.41
bluetooth,13323C65,2025-05-27 19:44:08.718601Z,-77,39.001054,-74.914459,22897,1,0,2984,22.84
radio434mhz,2A1E4B07,2025-05-27 19:44:09.300072Z,-113,39.001053,-74.914468
radio434mhz,334C4B61,2025-05-27 19:44:09.348956Z,-107,39.001053,-74.914468
bluetooth,870614B1,2025-05-27 19:44:09.446362Z,-52,39.001053,-74.914468,39592,2,0,1561,19.83
bluetooth,13323C65,2025-05-27 19:44:09.788417Z,-75,39.001053,-74.914468,27268,1,0,2983,22.72
bluetooth,81D187E3,2025-05-27 19:44:09.934171Z,-83,39.001053,-74.914468,10421,1,0,2962,24.86
bluetooth,E197FE3E,2025-05-27 19:44:09.936064Z,-84,39.001053,-74.914468,35055,1,0,1618,27.11
bluetooth,3F9E3319,2025-05-27 19:44:09.982906Z,-78,39.001053,-74.914468,31572,1,0,1605,26.81
userLocation,user,2025-05-27 19:44:10.031870Z,0,39.001050,-74.914476
bluetooth,2172633A,2025-05-27 19:44:10.034357Z,-76,39.001050,-74.914476,2228,2,0,1563,22.08
bluetooth,E2A807D7,2025-05-27 19:44:10.226578Z,-75,39.001050,-74.914476,39191,1,0,1870,24.11
bluetooth,0000006E,2025-05-27 19:44:10.324739Z,-69,39.001050,-74.914476,4346,1,0,1871,23.58
bluetooth,77AAF9E2,2025-05-27 19:44:10.812341Z,-81,39.001050,-74.914476,64938,1,0,1616,25.98
bluetooth,B78FE24A,2025-05-27 19:44:10.909129Z,-79,39.001050,-74.914476,33878,1,0,1833,24.89
radio434mhz,071E6661,2025-05-27 19:44:10.910893Z,-102,39.001050,-74.914476
bluetooth,367E0F4A,2025-05-27 19:44:11.790991Z,-74,39.001044,-74.914483,24131,1,0,2955,24.51
bluetooth,13323C65,2025-05-27 19:44:11.836042Z,-80,39.001044,-74.914483,1241,1,0,2984,22.69
bluetooth,59FE8D30,2025-05-27 19:44:11.841271Z,-77,39.001044,-74.914483,9589,1,0,1872,22.31
bluetooth,D7510A57,2025-05-27 19:44:12.128524Z,-77,39.001040,-74.914491,30059,1,0,1901,23.68
bluetooth,870614B1,2025-05-27 19:44:12.468990Z,-48,39.001040,-74.914491,57473,2,0,1560,19.91
bluetooth,E197FE3E,2025-05-27 19:44:12.518456Z,-79,39.001040,-74.914491,40640,1,0,1618,27.39
bluetooth,07F9389E,2025-05-27 19:44:12.713556Z,-82,39.001040,-74.914491,7279,2,0,1542,25.85
bluetooth,367E0F4A,2025-05-27 19:44:12.810485Z,-76,39.001040,-74.914491,59119,1,0,2956,24.36
bluetooth,13323C65,2025-05-27 19:44:12.812464Z,-81,39.001040,-74.914491,12956,1,0,2983,22.74
bluetooth,B78FE24A,2025-05-27 19:44:12.907626Z,-78,39.001040,-74.914491,4547,1,0,1834,24.76
bluetooth,23D9727E,2025-05-27 19:44:13.054002Z,-50,39.001041,-74.914501,16898,2,0,1554,32.32
bluetooth,3F9E3319,2025-05-27 19:44:13.056322Z,-82,39.001041,-74.914501,44005,1,0,1604,26.99
bluetooth,D7510A57,2025-05-27 19:44:13.152156Z,-80,39.001041,-74.914501,45170,1,0,1902,23.73
bluetooth,59FE8D30,2025-05-27 19:44:13.834727Z,-78,39.001041,-74.914501,54183,1,0,1872,22.31
bluetooth,19836CFF,2025-05-27 19:44:13.883383Z,-77,39.001041,-74.914501,2363,1,0,1850,22.82
bluetooth,81D187E3,2025-05-27 19:44:13.980903Z,-80,39.001041,-74.914501,52689,1,0,2962,24.76
radio434mhz,1E336107,2025-05-27 19:44:14.028697Z,-78,39.001041,-74.914501
radio434mhz,071E6661,2025-05-27 19:44:14.078473Z,-97,39.001042,-74.914512
bluetooth,D7510A57,2025-05-27 19:44:14.126547Z,-68,39.001042,-74.914512,59237,1,0,1902,23.73
bluetooth,77AAF9E2,2025-05-27 19:44:14.224132Z,-79,39.001042,-74.914512,42037,1,0,1615,25.62
bluetooth,367E0F4A,2025-05-27 19:44:14.857856Z,-79,39.001042,-74.914512,26443,1,0,2956,24.46
bluetooth,59FE8D30,2025-05-27 19:44:14.860019Z,-80,39.001042,-74.914512,46687,1,0,1871,22.29
bluetooth,59FE8D30,2025-05-27 19:44:15.882249Z,-74,39.001045,-74.914523,42959,1,0,1872,22.44
bluetooth,2172633A,2025-05-27 19:44:16.028721Z,-78,39.001045,-74.914523,6205,2,0,1563,22.06
bluetooth,D7510A57,2025-05-27 19:44:16.077328Z,-74,39.001048,-74.914526,50093,1,0,1902,23.63
bluetooth,0000006E,2025-05-27 19:44:16.320186Z,-75,39.001048,-74.914526,7805,1,0,1870,23.68
bluetooth,77AAF9E2,2025-05-27 19:44:16.711143Z,-77,39.001048,-74.914526,33615,1,0,1616,25.80
bluetooth,59FE8D30,2025-05-27 19:44:16.857586Z,-71,39.001048,-74.914526,18373,1,0,1871,22.39
bluetooth,D7510A57,2025-05-27 19:44:17.051972Z,-72,39.001057,-74.914531,39937,1,0,1901,23.68
radio434mhz,071E6661,2025-05-27 19:44:17.295452Z,-102,39.001057,-74.914531
bluetooth,77AAF9E2,2025-05-27 19:44:17.587834Z,-84,39.001057,-74.914531,25872,1,0,1616,25.47
bluetooth,D7510A57,2025-05-27 19:44:18.075428Z,-72,39.001066,-74.914536,46377,1,0,1902,23.83
bluetooth,870614B1,2025-05-27 19:44:18.516291Z,-55,39.001066,-74.914536,18832,2,0,1561,19.91
bluetooth,59FE8D30,2025-05-27 19:44:18.855552Z,-71,39.001066,-74.914536,27304,1,0,1871,22.31
bluetooth,2172633A,2025-05-27 19:44:19.002216Z,-72,39.001066,-74.914536,55540,2,0,1562,22.03
bluetooth,23D9727E,2025-05-27 19:44:19.148162Z,-47,39.001075,-74.914542,25318,2,0,1553,32.47
radio434mhz,1E336107,2025-05-27 19:44:19.342733Z,-72,39.001075,-74.914542
bluetooth,13323C65,2025-05-27 19:44:19.928073Z,-82,39.001075,-74.914542,33882,1,0,2982,22.97
bluetooth,3F9E3319,2025-05-27 19:44:20.025353Z,-84,39.001075,-74.914542,49052,1,0,1604,26.86
userLocation,user,2025-05-27 19:44:20.031229Z,0,39.001078,-74.914553
bluetooth,D7510A57,2025-05-27 19:44:20.074426Z,-83,39.001078,-74.914553,12494,1,0,1902,23.85
radio434mhz,071E6661,2025-05-27 19:44:20.415337Z,-109,39.001078,-74.914553
bluetooth,870614B1,2025-05-27 19:44:21.487988Z,-32,39.001073,-74.914561,45340,2,0,1562,19.89
bluetooth,59FE8D30,2025-05-27 19:44:21.782622Z,-78,39.001073,-74.914561,7314,1,0,1871,22.49
radio434mhz,614C192D,2025-05-27 19:44:22.122250Z,-107,39.001065,-74.914562
bluetooth,D7510A57,2025-05-27 19:44:22.124292Z,-67,39.001065,-74.914562,58401,1,0,1902,23.68
bluetooth,0000006E,2025-05-27 19:44:22.219698Z,-68,39.001065,-74.914562,9530,1,0,1870,23.73
bluetooth,81D187E3,2025-05-27 19:44:22.951479Z,-83,39.001065,-74.914562,20154,1,0,2962,24.84
bluetooth,D7510A57,2025-05-27 19:44:23.097515Z,-77,39.001061,-74.914568,43584,1,0,1902,23.88
bluetooth,E197FE3E,2025-05-27 19:44:23.341211Z,-81,39.001061,-74.914568,34848,1,0,1618,27.06
radio434mhz,071E6661,2025-05-27 19:44:23.584843Z,-107,39.001061,-74.914568
bluetooth,59FE8D30,2025-05-27 19:44:23.828618Z,-70,39.001061,-74.914568,17546,1,0,1871,22.41
bluetooth,D7510A57,2025-05-27 19:44:24.120269Z,-80,39.001061,-74.914580,30349,1,0,1902,23.65
bluetooth,870614B1,2025-05-27 19:44:24.511198Z,-67,39.001061,-74.914580,63012,2,0,1562,19.96
radio434mhz,1E336107,2025-05-27 19:44:24.656959Z,-79,39.001061,-74.914580
bluetooth,B78FE24A,2025-05-27 19:44:24.949391Z,-82,39.001061,-74.914580,11789,1,0,1834,24.79
bluetooth,E197FE3E,2025-05-27 19:44:24.998611Z,-84,39.001061,-74.914580,35057,1,0,1618,27.24
bluetooth,2172633A,2025-05-27 19:44:25.049881Z,-75,39.001063,-74.914565,52768,2,0,1564,22.03
bluetooth,D7510A57,2025-05-27 19:44:25.144467Z,-83,39.001063,-74.914565,838,1,0,1901,23.68
bluetooth,0000006E,2025-05-27 19:44:25.192923Z,-79,39.001063,-74.914565,16126,1,0,1872,23.63
bluetooth,23D9727E,2025-05-27 19:44:25.241721Z,-54,39.001063,-74.914565,44614,2,0,1553,32.50
bluetooth,13323C65,2025-05-27 19:44:26.021726Z,-82,39.001063,-74.914565,16174,1,0,2984,22.84
bluetooth,367E0F4A,2025-05-27 19:44:26.120111Z,-77,39.001072,-74.914583,7926,1,0,2956,24.46
bluetooth,D7510A57,2025-05-27 19:44:26.121227Z,-76,39.001072,-74.914583,52788,1,0,1902,23.83
bluetooth,E2A807D7,2025-05-27 19:44:26.265671Z,-80,39.001072,-74.914583,59061,1,0,1870,24.23
radio434mhz,071E6661,2025-05-27 19:44:26.801310Z,-105,39.001072,-74.914583
bluetooth,870614B1,2025-05-27 19:44:27.533098Z,-40,39.001085,-74.914594,44977,2,0,1562,19.99
bluetooth,D7510A57,2025-05-27 19:44:28.119913Z,-76,39.001097,-74.914601,58300,1,0,1902,23.73
bluetooth,0000006E,2025-05-27 19:44:28.215550Z,-76,39.001097,-74.914601,12861,1,0,1871,23.70
bluetooth,23D9727E,2025-05-27 19:44:28.313683Z,-41,39.001097,-74.914601,48654,2,0,1555,32.24
bluetooth,59FE8D30,2025-05-27 19:44:28.850173Z,-75,39.001097,-74.914601,40995,1,0,1872,22.36
radio434mhz,071E6661,2025-05-27 19:44:29.921670Z,-97,39.001106,-74.914612
radio434mhz,1E336107,2025-05-27 19:44:29.970438Z,-97,39.001106,-74.914612
userLocation,user,2025-05-27 19:44:30.031937Z,0,39.001111,-74.914626
bluetooth,367E0F4A,2025-05-27 19:44:30.165483Z,-79,39.001111,-74.914626,65257,1,0,2956,24.46
bluetooth,870614B1,2025-05-27 19:44:30.605383Z,-65,39.001111,-74.914626,1752,2,0,1562,19.96
bluetooth,D7510A57,2025-05-27 19:44:31.091762Z,-78,39.001119,-74.914637,20821,1,0,1902,23.83
bluetooth,13323C65,2025-05-27 19:44:31.141163Z,-82,39.001119,-74.914637,17182,1,0,2983,22.82
bluetooth,A648A0E7,2025-05-27 19:44:31.238139Z,-75,39.001119,-74.914637,37669,1,0,2983,23.45
bluetooth,0000006E,2025-05-27 19:44:31.238832Z,-76,39.001119,-74.914637,21869,1,0,1870,23.58
bluetooth,77AAF9E2,2025-05-27 19:44:32.067411Z,-83,39.001127,-74.914651,43186,1,0,1616,25.70
bluetooth,13323C65,2025-05-27 19:44:32.164423Z,-82,39.001127,-74.914651,13008,1,0,2984,22.79
bluetooth,367E0F4A,2025-05-27 19:44:32.165370Z,-76,39.001127,-74.914651,51793,1,0,2955,24.56
bluetooth,A648A0E7,2025-05-27 19:44:32.261840Z,-73,39.001127,-74.914651,62239,1,0,2984,23.25
bluetooth,59FE8D30,2025-05-27 19:44:32.801234Z,-75,39.001127,-74.914651,59762,1,0,1872,22.24
radio434mhz,071E6661,2025-05-27 19:44:33.090629Z,-97,39.001127,-74.914662
bluetooth,D7510A57,2025-05-27 19:44:33.139916Z,-78,39.001127,-74.914662,4545,1,0,1903,23.80
bluetooth,367E0F4A,2025-05-27 19:44:33.188655Z,-73,39.001127,-74.914662,13684,1,0,2956,24.54
bluetooth,A648A0E7,2025-05-27 19:44:33.237477Z,-84,39.001127,-74.914662,6149,1,0,2983,23.50
bluetooth,13323C65,2025-05-27 19:44:34.163018Z,-85,39.001114,-74.914664,32308,1,0,2983,22.84
bluetooth,0000006E,2025-05-27 19:44:34.211764Z,-79,39.001114,-74.914664,45785,1,0,1871,23.42
bluetooth,367E0F4A,2025-05-27 19:44:34.214204Z,-75,39.001114,-74.914664,3214,1,0,2955,24.59
bluetooth,D7510A57,2025-05-27 19:44:35.187041Z,-73,39.001105,-74.914647,2680,1,0,1902,23.68
radio434mhz,1E336107,2025-05-27 19:44:35.284199Z,-73,39.001105,-74.914647
bluetooth,0000006E,2025-05-27 19:44:37.234970Z,-81,39.001077,-74.914639,48375,1,0,1871,23.55
bluetooth,23D9727E,2025-05-27 19:44:37.429604Z,-17,39.001077,-74.914639,34658,2,0,1554,32.55
bluetooth,59FE8D30,2025-05-27 19:44:37.771625Z,-79,39.001077,-74.914639,62323,1,0,1872,22.36
bluetooth,D7510A57,2025-05-27 19:44:38.258860Z,-72,39.001068,-74.914639,28943,1,0,1902,23.70
bluetooth,D7510A57,2025-05-27 19:44:39.184592Z,-74,39.001052,-74.914637,38762,1,0,1902,23.83
bluetooth,13323C65,2025-05-27 19:44:39.282393Z,-83,39.001052,-74.914637,29183,1,0,2983,22.82
bluetooth,367E0F4A,2025-05-27 19:44:39.331037Z,-85,39.001052,-74.914637,606,1,0,2957,24.23
radio434mhz,071E6661,2025-05-27 19:44:39.427979Z,-101,39.001052,-74.914637
bluetooth,59FE8D30,2025-05-27 19:44:39.770148Z,-73,39.001052,-74.914637,3007,1,0,1872,22.51
userLocation,user,2025-05-27 19:44:40.031322Z,0,39.001044,-74.914644
bluetooth,2172633A,2025-05-27 19:44:40.061777Z,-71,39.001044,-74.914644,34125,2,0,1562,22.01
bluetooth,0000006E,2025-05-27 19:44:40.257413Z,-73,39.001044,-74.914644,21407,1,0,1871,23.58
bluetooth,23D9727E,2025-05-27 19:44:40.452107Z,-38,39.001044,-74.914644,37214,2,0,1554,32.57
radio434mhz,1E336107,2025-05-27 19:44:40.598047Z,-79,39.001044,-74.914644
bluetooth,59FE8D30,2025-05-27 19:44:40.794191Z,-72,39.001044,-74.914644,26898,1,0,1873,22.24
bluetooth,B78FE24A,2025-05-27 19:44:40.891449Z,-84,39.001044,-74.914644,62540,1,0,1834,24.97
bluetooth,13323C65,2025-05-27 19:44:41.281388Z,-84,39.001033,-74.914653,55530,1,0,2985,22.77
bluetooth,367E0F4A,2025-05-27 19:44:41.378634Z,-79,39.001033,-74.914653,28604,1,0,2956,24.31
bluetooth,13323C65,2025-05-27 19:44:42.304909Z,-75,39.001029,-74.914668,44975,1,0,2983,22.92
radio434mhz,071E6661,2025-05-27 19:44:42.597590Z,-105,39.001029,-74.914668
bluetooth,870614B1,2025-05-27 19:44:42.646313Z,-39,39.001029,-74.914668,45486,2,0,1562,20.01
bluetooth,07F9389E,2025-05-27 19:44:42.841464Z,-77,39.001029,-74.914668,3221,2,0,1543,25.75
bluetooth,59FE8D30,2025-05-27 19:44:42.847262Z,-80,39.001029,-74.914668,65083,1,0,1872,22.41
bluetooth,81D187E3,2025-05-27 19:44:43.038239Z,-80,39.001029,-74.914668,41864,1,0,2962,24.74
bluetooth,D7510A57,2025-05-27 19:44:43.182843Z,-77,39.001030,-74.914678,18683,1,0,1902,23.88
bluetooth,23D9727E,2025-05-27 19:44:43.523326Z,-46,39.001030,-74.914678,65288,2,0,1554,32.32
bluetooth,D7510A57,2025-05-27 19:44:44.206346Z,-75,39.001033,-74.914686,58179,1,0,1902,23.47
bluetooth,59FE8D30,2025-05-27 19:44:44.888132Z,-80,39.001033,-74.914686,57167,1,0,1872,22.34
bluetooth,81D187E3,2025-05-27 19:44:45.083368Z,-82,39.001041,-74.914702,59788,1,0,2961,24.79
bluetooth,D7510A57,2025-05-27 19:44:45.181306Z,-75,39.001041,-74.914702,52067,1,0,1902,23.60
radio434mhz,071E6661,2025-05-27 19:44:45.814220Z,-109,39.001041,-74.914702
radio434mhz,1E336107,2025-05-27 19:44:45.911830Z,-75,39.001041,-74.914702
bluetooth,D7510A57,2025-05-27 19:44:46.204729Z,-76,39.001053,-74.914711,41139,1,0,1902,23.75
bluetooth,13323C65,2025-05-27 19:44:46.399638Z,-82,39.001053,-74.914711,44491,1,0,2983,23.20
bluetooth,A648A0E7,2025-05-27 19:44:46.401343Z,-84,39.001053,-74.914711,5565,1,0,2983,23.22
bluetooth,59FE8D30,2025-05-27 19:44:46.838176Z,-75,39.001053,-74.914711,38999,1,0,1872,22.31
bluetooth,D7510A57,2025-05-27 19:44:47.228384Z,-77,39.001058,-74.914711,61827,1,0,1902,23.65
bluetooth,A648A0E7,2025-05-27 19:44:47.423965Z,-84,39.001058,-74.914711,28448,1,0,2982,23.32
bluetooth,D7510A57,2025-05-27 19:44:48.203733Z,-77,39.001057,-74.914710,39103,1,0,1902,23.75
bluetooth,2172633A,2025-05-27 19:44:49.039388Z,-80,39.001055,-74.914711,41647,2,0,1562,21.91
radio434mhz,071E6661,2025-05-27 19:44:49.178808Z,-110,39.001055,-74.914711
bluetooth,0000006E,2025-05-27 19:44:49.227019Z,-83,39.001055,-74.914711,26716,1,0,1872,23.32
bluetooth,A648A0E7,2025-05-27 19:44:49.471469Z,-83,39.001055,-74.914711,53653,1,0,2983,23.07
bluetooth,23D9727E,2025-05-27 19:44:49.568290Z,-55,39.001055,-74.914711,60247,2,0,1554,32.42
bluetooth,59FE8D30,2025-05-27 19:44:49.910268Z,-76,39.001055,-74.914711,53331,1,0,1872,22.44
userLocation,user,2025-05-27 19:44:50.029476Z,0,39.001053,-74.914712
bluetooth,D7510A57,2025-05-27 19:44:50.251452Z,-77,39.001053,-74.914712,7562,1,0,1902,23.73
bluetooth,59FE8D30,2025-05-27 19:44:50.884805Z,-81,39.001053,-74.914712,48419,1,0,1871,22.39
radio434mhz,1E336107,2025-05-27 19:44:51.177558Z,-78,39.001053,-74.914712
bluetooth,D7510A57,2025-05-27 19:44:51.274518Z,-76,39.001053,-74.914712,61824,1,0,1902,23.73
bluetooth,A648A0E7,2025-05-27 19:44:51.470256Z,-87,39.001053,-74.914712,5707,1,0,2982,23.52
bluetooth,870614B1,2025-05-27 19:44:51.664689Z,-58,39.001053,-74.914712,45660,2,0,1561,20.11
bluetooth,D7510A57,2025-05-27 19:44:52.201436Z,-74,39.001055,-74.914716,40696,1,0,1902,23.78
bluetooth,0000006E,2025-05-27 19:44:52.250085Z,-73,39.001055,-74.914716,51139,1,0,1871,23.60
radio434mhz,071E6661,2025-05-27 19:44:52.298390Z,-108,39.001055,-74.914716
bluetooth,13323C65,2025-05-27 19:44:52.493133Z,-84,39.001055,-74.914716,40400,1,0,2983,22.74
bluetooth,23D9727E,2025-05-27 19:44:52.639993Z,-47,39.001055,-74.914716,54946,2,0,1555,32.47
bluetooth,81D187E3,2025-05-27 19:44:53.029709Z,-84,39.001055,-74.914716,21856,1,0,2961,24.74
bluetooth,13323C65,2025-05-27 19:44:53.517721Z,-83,39.001061,-74.914720,21090,1,0,2983,22.82
bluetooth,D7510A57,2025-05-27 19:44:54.200065Z,-78,39.001070,-74.914716,38238,1,0,1902,23.65
bluetooth,E85FB74C,2025-05-27 19:44:55.564639Z,-85,39.001082,-74.914716,44156,2,0,1528,25.90
bluetooth,367E0F4A,2025-05-27 19:44:55.664633Z,-78,39.001082,-74.914716,24929,1,0,2956,24.28
bluetooth,23D9727E,2025-05-27 19:44:55.665075Z,-60,39.001082,-74.914716,55673,2,0,1554,32.50
radio434mhz,1E336107,2025-05-27 19:44:56.490679Z,-68,39.001092,-74.914716
bluetooth,07F9389E,2025-05-27 19:44:57.905259Z,-80,39.001101,-74.914715,18684,2,0,1542,25.85
bluetooth,D7510A57,2025-05-27 19:44:58.148344Z,-77,39.001109,-74.914717,41692,1,0,1902,23.78
bluetooth,23D9727E,2025-05-27 19:44:58.734247Z,-38,39.001109,-74.914717,51403,2,0,1554,32.50
bluetooth,367E0F4A,2025-05-27 19:44:58.735312Z,-79,39.001109,-74.914717,58884,1,0,2955,24.33
bluetooth,367E0F4A,2025-05-27 19:44:59.757854Z,-75,39.001120,-74.914717,57620,1,0,2956,24.33
userLocation,user,2025-05-27 19:45:00.030775Z,0,39.001126,-74.914717
bluetooth,D7510A57,2025-05-27 19:45:00.195915Z,-79,39.001126,-74.914717,62579,1,0,1902,23.65
bluetooth,870614B1,2025-05-27 19:45:00.732651Z,-47,39.001126,-74.914717,43054,2,0,1562,20.06
radio434mhz,1E336107,2025-05-27 19:45:01.755917Z,-88,39.001135,-74.914721
bluetooth,23D9727E,2025-05-27 19:45:01.758091Z,-52,39.001135,-74.914721,52420,2,0,1553,32.42
bluetooth,D7510A57,2025-05-27 19:45:02.145986Z,-82,39.001145,-74.914720,57883,1,0,1902,23.78
bluetooth,870614B1,2025-05-27 19:45:03.755349Z,-62,39.001155,-74.914717,28700,2,0,1562,20.26
bluetooth,2172633A,2025-05-27 19:45:04.049831Z,-80,39.001163,-74.914714,46533,2,0,1562,22.06
bluetooth,23D9727E,2025-05-27 19:45:04.827307Z,-30,39.001163,-74.914714,54926,2,0,1554,32.35
bluetooth,59FE8D30,2025-05-27 19:45:04.829609Z,-75,39.001163,-74.914714,41314,1,0,1873,22.49
bluetooth,367E0F4A,2025-05-27 19:45:04.876486Z,-80,39.001163,-74.914714,14457,1,0,2955,24.36
radio434mhz,071E6661,2025-05-27 19:45:04.973908Z,-108,39.001163,-74.914714
bluetooth,367E0F4A,2025-05-27 19:45:05.900615Z,-81,39.001171,-74.914711,12873,1,0,2956,24.31
bluetooth,D7510A57,2025-05-27 19:45:06.143839Z,-79,39.001182,-74.914714,47699,1,0,1901,23.60
bluetooth,870614B1,2025-05-27 19:45:06.777356Z,-47,39.001182,-74.914714,44705,2,0,1562,20.06
bluetooth,367E0F4A,2025-05-27 19:45:06.924121Z,-82,39.001182,-74.914714,9693,1,0,2956,24.28
bluetooth,2172633A,2025-05-27 19:45:07.070121Z,-75,39.001193,-74.914716,34181,2,0,1563,21.96
radio434mhz,1E336107,2025-05-27 19:45:07.072299Z,-67,39.001193,-74.914716
bluetooth,13323C65,2025-05-27 19:45:07.801632Z,-76,39.001193,-74.914716,16253,1,0,2984,22.94
bluetooth,59FE8D30,2025-05-27 19:45:08.873808Z,-78,39.001201,-74.914723,29399,1,0,1872,22.51
bluetooth,81D187E3,2025-05-27 19:45:09.068984Z,-80,39.001213,-74.914731,7729,1,0,2961,24.94
bluetooth,870614B1,2025-05-27 19:45:09.800408Z,-41,39.001213,-74.914731,37561,2,0,1562,20.14
userLocation,user,2025-05-27 19:45:10.032058Z,0,39.001221,-74.914742
bluetooth,E2A807D7,2025-05-27 19:45:10.189577Z,-80,39.001221,-74.914742,10006,1,0,1869,24.06
bluetooth,23D9727E,2025-05-27 19:45:10.921660Z,-29,39.001221,-74.914742,49884,2,0,1554,32.50
bluetooth,D7510A57,2025-05-27 19:45:11.115811Z,-74,39.001228,-74.914753,24838,1,0,1902,23.95
radio434mhz,071E6661,2025-05-27 19:45:11.311530Z,-106,39.001228,-74.914753
radio434mhz,1E336107,2025-05-27 19:45:12.335333Z,-72,39.001236,-74.914761
bluetooth,13323C65,2025-05-27 19:45:12.871520Z,-79,39.001236,-74.914761,4933,1,0,2984,22.72
bluetooth,367E0F4A,2025-05-27 19:45:13.115576Z,-77,39.001247,-74.914764,29660,1,0,2956,24.38
bluetooth,D7510A57,2025-05-27 19:45:13.116847Z,-71,39.001247,-74.914764,18430,1,0,1902,23.75
bluetooth,B78FE24A,2025-05-27 19:45:13.943647Z,-82,39.001247,-74.914764,17336,1,0,1834,24.59
bluetooth,870614B1,2025-05-27 19:45:15.796768Z,-60,39.001259,-74.914780,4294,2,0,1559,20.21
bluetooth,23D9727E,2025-05-27 19:45:17.015366Z,-45,39.001250,-74.914776,58085,2,0,1555,32.45
radio434mhz,1E336107,2025-05-27 19:45:17.648455Z,-81,39.001249,-74.914775
bluetooth,870614B1,2025-05-27 19:45:18.818515Z,-60,39.001253,-74.914775,12605,2,0,1561,20.06
bluetooth,A648A0E7,2025-05-27 19:45:19.891756Z,-85,39.001251,-74.914775,936,1,0,2982,23.27
userLocation,user,2025-05-27 19:45:20.026749Z,0,39.001251,-74.914775
bluetooth,23D9727E,2025-05-27 19:45:20.037858Z,-36,39.001251,-74.914775,59237,2,0,1556,32.35
bluetooth,59FE8D30,2025-05-27 19:45:20.768381Z,-83,39.001251,-74.914775,56741,1,0,1872,22.39
radio434mhz,071E6661,2025-05-27 19:45:20.816929Z,-105,39.001251,-74.914775
bluetooth,59FE8D30,2025-05-27 19:45:21.841393Z,-78,39.001256,-74.914776,51042,1,0,1872,22.54
bluetooth,870614B1,2025-05-27 19:45:21.843385Z,-69,39.001256,-74.914776,25816,2,0,1561,20.26
bluetooth,2172633A,2025-05-27 19:45:22.041261Z,-76,39.001260,-74.914778,60236,2,0,1546,21.81
bluetooth,367E0F4A,2025-05-27 19:45:22.231628Z,-72,39.001260,-74.914778,15059,1,0,2956,24.51
radio434mhz,1E336107,2025-05-27 19:45:22.913147Z,-79,39.001260,-74.914778
bluetooth,23D9727E,2025-05-27 19:45:23.108985Z,-38,39.001254,-74.914781,34635,2,0,1554,32.50
bluetooth,870614B1,2025-05-27 19:45:24.863569Z,-50,39.001252,-74.914777,42774,2,0,1559,20.11
bluetooth,13323C65,2025-05-27 19:45:26.083Z,-83,39.001265,-74.914754,40953,1,0,2982,22.89
bluetooth,23D9727E,2025-05-27 19:45:26.131900Z,-31,39.001265,-74.914754,36715,2,0,1554,32.62
bluetooth,870614B1,2025-05-27 19:45:27.886599Z,-57,39.001271,-74.914746,800,2,0,1559,20.14
radio434mhz,1E336107,2025-05-27 19:45:28.178599Z,-86,39.001277,-74.914737
bluetooth,A648A0E7,2025-05-27 19:45:29.007999Z,-77,39.001277,-74.914737,12243,1,0,2981,23.32
bluetooth,23D9727E,2025-05-27 19:45:29.202268Z,-37,39.001282,-74.914729,40260,2,0,1555,32.47
userLocation,user,2025-05-27 19:45:30.031785Z,0,39.001290,-74.914720
29,5579,1,0,2984,23.09
bluetooth,870614B1,2025-05-27 19:45:30.909313Z,-47,39.001290,-74.914720,14779,2,0,1560,20.24
bluetooth,D7510A57,2025-05-27 19:45:31.201452Z,-83,39.001297,-74.914711,54709,1,0,1901,24.00
bluetooth,77AAF9E2,2025-05-27 19:45:31.640613Z,-82,39.001297,-74.914711,26898,1,0,1616,25.93
bluetooth,81D187E3,2025-05-27 19:45:32.176301Z,-86,39.001306,-74.914704,8781,1,0,2962,24.81
bluetooth,23D9727E,2025-05-27 19:45:32.225961Z,-41,39.001306,-74.914704,43632,2,0,1555,32.42
bluetooth,367E0F4A,2025-05-27 19:45:32.420637Z,-76,39.001306,-74.914704,61041,1,0,2956,24.41
bluetooth,07F9389E,2025-05-27 19:45:32.908287Z,-79,39.001306,-74.914704,2137,2,0,1542,25.45
bluetooth,59FE8D30,2025-05-27 19:45:32.909279Z,-80,39.001306,-74.914704,16358,1,0,1872,22.49
bluetooth,A648A0E7,2025-05-27 19:45:33.054203Z,-80,39.001314,-74.914700,47277,1,0,2983,23.27
bluetooth,367E0F4A,2025-05-27 19:45:33.492894Z,-75,39.001314,-74.914700,62465,1,0,2956,24.33
radio434mhz,1E336107,2025-05-27 19:45:33.494938Z,-66,39.001314,-74.914700
bluetooth,870614B1,2025-05-27 19:45:33.980091Z,-53,39.001314,-74.914700,32880,2,0,1561,20.29
bluetooth,13323C65,2025-05-27 19:45:34.224380Z,-85,39.001320,-74.914692,22391,1,0,2983,22.79
bluetooth,367E0F4A,2025-05-27 19:45:34.468138Z,-81,39.001320,-74.914692,50896,1,0,2957,24.51
radio434mhz,071E6661,2025-05-27 19:45:36.612075Z,-107,39.001328,-74.914672
bluetooth,D7510A57,2025-05-27 19:45:38.173364Z,-83,39.001329,-74.914649,41126,1,0,1902,23.85
bluetooth,23D9727E,2025-05-27 19:45:38.318709Z,-45,39.001329,-74.914649,47891,2,0,1553,32.62
radio434mhz,1E336107,2025-05-27 19:45:38.758091Z,-84,39.001329,-74.914649
bluetooth,D7510A57,2025-05-27 19:45:39.196153Z,-77,39.001325,-74.914641,16283,1,0,1902,23.60
bluetooth,870614B1,2025-05-27 19:45:39.976398Z,-42,39.001325,-74.914641,32146,2,0,1561,20.42
radio434mhz,071E6661,2025-05-27 19:45:40.027341Z,-105,39.001325,-74.914641
userLocation,user,2025-05-27 19:45:40.029604Z,0,39.001323,-74.914635
bluetooth,D7510A57,2025-05-27 19:45:40.171782Z,-78,39.001323,-74.914635,42920,1,0,1901,23.88
bluetooth,D7510A57,2025-05-27 19:45:41.146944Z,-76,39.001323,-74.914633,15084,1,0,1902,23.80
bluetooth,23D9727E,2025-05-27 19:45:41.390254Z,-42,39.001323,-74.914633,31206,2,0,1555,32.52
bluetooth,870614B1,2025-05-27 19:45:42.950659Z,-42,39.001325,-74.914631,47218,2,0,1561,20.26
bluetooth,367E0F4A,2025-05-27 19:45:43.633249Z,-83,39.001322,-74.914621,35487,1,0,2956,24.41
radio434mhz,1E336107,2025-05-27 19:45:43.974140Z,-69,39.001322,-74.914621
bluetooth,23D9727E,2025-05-27 19:45:44.413356Z,-29,39.001321,-74.914611,29038,2,0,1554,32.65
bluetooth,B78FE24A,2025-05-27 19:45:45.826890Z,-84,39.001315,-74.914605,4204,1,0,1834,24.74
bluetooth,870614B1,2025-05-27 19:45:45.972488Z,-66,39.001315,-74.914605,60889,2,0,1562,20.44
radio434mhz,071E6661,2025-05-27 19:45:46.362553Z,-100,39.001311,-74.914595
bluetooth,13323C65,2025-05-27 19:45:46.460006Z,-80,39.001311,-74.914595,50990,1,0,2983,22.84
bluetooth,367E0F4A,2025-05-27 19:45:46.703798Z,-80,39.001311,-74.914595,11430,1,0,2956,24.26
bluetooth,870614B1,2025-05-27 19:45:48.996324Z,-62,39.001306,-74.914589,52569,2,0,1561,20.16
radio434mhz,1E336107,2025-05-27 19:45:49.190670Z,-77,39.001303,-74.914589
bluetooth,367E0F4A,2025-05-27 19:45:49.775958Z,-81,39.001303,-74.914589,4089,1,0,2956,24.41
userLocation,user,2025-05-27 19:45:50.030179Z,0,39.001299,-74.914583
bluetooth,23D9727E,2025-05-27 19:45:50.506127Z,-46,39.001299,-74.914583,25166,2,0,1555,32.42
bluetooth,23D9727E,2025-05-27 19:45:53.577710Z,-31,39.001290,-74.914553,22954,2,0,1554,32.55
bluetooth,367E0F4A,2025-05-27 19:45:53.870021Z,-79,39.001290,-74.914553,46861,1,0,2956,24.46
radio434mhz,1E336107,2025-05-27 19:45:54.503772Z,-64,39.001288,-74.914553
bluetooth,870614B1,2025-05-27 19:45:55.042279Z,-54,39.001286,-74.914544,54088,2,0,1561,20.34
bluetooth,13323C65,2025-05-27 19:45:55.625399Z,-82,39.001286,-74.914544,6411,1,0,2984,22.72
bluetooth,367E0F4A,2025-05-27 19:45:55.870831Z,-74,39.001286,-74.914544,18552,1,0,2955,24.48
bluetooth,23D9727E,2025-05-27 19:45:56.648780Z,-49,39.001287,-74.914533,18289,2,0,1553,32.62
bluetooth,870614B1,2025-05-27 19:45:58.063843Z,-46,39.001299,-74.914515,9682,2,0,1560,20.26
bluetooth,23D9727E,2025-05-27 19:45:59.671474Z,-33,39.001305,-74.914504,17110,2,0,1554,32.52
radio434mhz,1E336107,2025-05-27 19:45:59.817624Z,-74,39.001305,-74.914504
bluetooth,367E0F4A,2025-05-27 19:45:59.963847Z,-84,39.001305,-74.914504,28511,1,0,2956,24.41
userLocation,user,2025-05-27 19:46:00.028461Z,0,39.001307,-74.914492
bluetooth,367E0F4A,2025-05-27 19:46:00.988316Z,-74,39.001307,-74.914492,28122,1,0,2956,24.56
bluetooth,E197FE3E,2025-05-27 19:46:01.231869Z,-85,39.001311,-74.914480,32068,1,0,1618,27.09
radio434mhz,19332A07,2025-05-27 19:46:01.718795Z,-106,39.001311,-74.914480
radio434mhz,071E6661,2025-05-27 19:46:02.158263Z,-103,39.001311,-74.914486
bluetooth,D7510A57,2025-05-27 19:46:02.255175Z,-79,39.001311,-74.914486,12261,1,0,1902,23.80
bluetooth,23D9727E,2025-05-27 19:46:02.694580Z,-35,39.001311,-74.914486,8474,2,0,1555,32.22
bluetooth,13323C65,2025-05-27 19:46:02.794162Z,-80,39.001311,-74.914486,19281,1,0,2983,23.09
bluetooth,07F9389E,2025-05-27 19:46:02.888919Z,-77,39.001311,-74.914486,53797,2,0,1542,25.65
bluetooth,13323C65,2025-05-27 19:46:03.766405Z,-79,39.001312,-74.914476,10518,1,0,2984,22.74
bluetooth,59FE8D30,2025-05-27 19:46:03.913059Z,-75,39.001312,-74.914476,56030,1,0,1873,22.41
bluetooth,2172633A,2025-05-27 19:46:04.108414Z,-71,39.001312,-74.914477,22820,2,0,1564,22.11
bluetooth,B78FE24A,2025-05-27 19:46:04.742187Z,-87,39.001312,-74.914477,767,1,0,1835,24.79
bluetooth,13323C65,2025-05-27 19:46:04.790622Z,-78,39.001312,-74.914477,62270,1,0,2983,22.79
bluetooth,367E0F4A,2025-05-27 19:46:05.082853Z,-79,39.001312,-74.914476,4158,1,0,2956,24.59
radio434mhz,1E336107,2025-05-27 19:46:05.229435Z,-78,39.001312,-74.914476
radio434mhz,071E6661,2025-05-27 19:46:05.327042Z,-105,39.001312,-74.914476
bluetooth,367E0F4A,2025-05-27 19:46:06.107249Z,-78,39.001310,-74.914471,40180,1,0,2957,24.46
bluetooth,870614B1,2025-05-27 19:46:07.130847Z,-62,39.001301,-74.914464,63281,2,0,1563,20.21
bluetooth,07F9389E,2025-05-27 19:46:07.910181Z,-80,39.001301,-74.914464,642,2,0,1543,25.80
bluetooth,23D9727E,2025-05-27 19:46:08.788797Z,-40,39.001293,-74.914455,13317,2,0,1554,32.40
bluetooth,367E0F4A,2025-05-27 19:46:09.129569Z,-79,39.001287,-74.914456,29976,1,0,2956,24.41
userLocation,user,2025-05-27 19:46:10.028820Z,0,39.001282,-74.914451
bluetooth,2172633A,2025-05-27 19:46:10.153576Z,-81,39.001282,-74.914451,19798,2,0,1563,22.03
bluetooth,870614B1,2025-05-27 19:46:10.155805Z,-53,39.001282,-74.914451,32180,2,0,1562,20.19
radio434mhz,1E336107,2025-05-27 19:46:10.591285Z,-73,39.001282,-74.914451
radio434mhz,071E6661,2025-05-27 19:46:11.664229Z,-108,39.001276,-74.914448
bluetooth,23D9727E,2025-05-27 19:46:11.810054Z,-42,39.001276,-74.914448,3951,2,0,1554,32.52
bluetooth,367E0F4A,2025-05-27 19:46:12.200858Z,-82,39.001269,-74.914443,4118,1,0,2955,24.41
bluetooth,870614B1,2025-05-27 19:46:13.175842Z,-43,39.001264,-74.914439,35859,2,0,1560,20.52
bluetooth,367E0F4A,2025-05-27 19:46:13.322215Z,-86,39.001264,-74.914439,2647,1,0,2957,24.59
bluetooth,367E0F4A,2025-05-27 19:46:14.345276Z,-78,39.001260,-74.914436,29796,1,0,2956,24.48
radio434mhz,071E6661,2025-05-27 19:46:14.832570Z,-107,39.001260,-74.914436
bluetooth,23D9727E,2025-05-27 19:46:14.882170Z,-39,39.001260,-74.914436,1899,2,0,1554,32.60
bluetooth,E85FB74C,2025-05-27 19:46:14.979039Z,-86,39.001260,-74.914436,51577,2,0,1527,25.75
bluetooth,367E0F4A,2025-05-27 19:46:15.320962Z,-77,39.001254,-74.914434,51011,1,0,2957,24.41
bluetooth,59FE8D30,2025-05-27 19:46:15.954856Z,-80,39.001254,-74.914434,20219,1,0,1873,22.41
bluetooth,13323C65,2025-05-27 19:46:15.955731Z,-81,39.001254,-74.914434,22597,1,0,2984,22.79
radio434mhz,1E336107,2025-05-27 19:46:16.003296Z,-72,39.001254,-74.914434
bluetooth,2172633A,2025-05-27 19:46:16.149916Z,-67,39.001253,-74.914428,31031,2,0,1564,22.19
bluetooth,870614B1,2025-05-27 19:46:16.150774Z,-56,39.001253,-74.914428,3363,2,0,1561,20.39
bluetooth,D7510A57,2025-05-27 19:46:16.198204Z,-82,39.001253,-74.914428,38970,1,0,1903,23.78
bluetooth,367E0F4A,2025-05-27 19:46:16.296214Z,-82,39.001253,-74.914428,4901,1,0,2956,24.56
bluetooth,77AAF9E2,2025-05-27 19:46:16.588497Z,-83,39.001253,-74.914428,57697,1,0,1616,26.08
bluetooth,59FE8D30,2025-05-27 19:46:16.929641Z,-80,39.001253,-74.914428,7146,1,0,1872,22.56
bluetooth,367E0F4A,2025-05-27 19:46:17.319811Z,-86,39.001253,-74.914423,36778,1,0,2956,24.59
bluetooth,870614B1,2025-05-27 19:46:19.172192Z,-45,39.001241,-74.914419,32969,2,0,1562,20.42
userLocation,user,2025-05-27 19:46:20.028982Z,0,39.001234,-74.914416
bluetooth,59FE8D30,2025-05-27 19:46:20.975675Z,-84,39.001234,-74.914416,26591,1,0,1872,22.49
bluetooth,23D9727E,2025-05-27 19:46:20.981447Z,-46,39.001234,-74.914416,38764,2,0,1553,32.50
radio434mhz,071E6661,2025-05-27 19:46:21.218951Z,-100,39.001224,-74.914413
radio434mhz,1E336107,2025-05-27 19:46:21.316489Z,-82,39.001224,-74.914413
bluetooth,0000006E,2025-05-27 19:46:22.096429Z,-85,39.001216,-74.914408,57794,1,0,1870,23.85
radio434mhz,19332A07,2025-05-27 19:46:22.974024Z,-105,39.001216,-74.914408
bluetooth,A648A0E7,2025-05-27 19:46:23.754088Z,-81,39.001207,-74.914405,61462,1,0,2983,23.22
bluetooth,23D9727E,2025-05-27 19:46:23.997796Z,-33,39.001207,-74.914405,39207,2,0,1555,32.47
radio434mhz,071E6661,2025-05-27 19:46:24.339380Z,-101,39.001198,-74.914403
bluetooth,367E0F4A,2025-05-27 19:46:24.436977Z,-75,39.001198,-74.914403,23018,1,0,2956,24.28
bluetooth,13323C65,2025-05-27 19:46:25.119134Z,-77,39.001188,-74.914404,21640,1,0,2984,22.89
bluetooth,D7510A57,2025-05-27 19:46:25.168475Z,-77,39.001188,-74.914404,34785,1,0,1901,23.73
bluetooth,870614B1,2025-05-27 19:46:25.219070Z,-51,39.001188,-74.914404,8486,2,0,1562,20.31
bluetooth,367E0F4A,2025-05-27 19:46:25.509651Z,-82,39.001188,-74.914404,64249,1,0,2957,24.23
bluetooth,59FE8D30,2025-05-27 19:46:25.996567Z,-83,39.001188,-74.914404,30798,1,0,1872,22.56
radio434mhz,1E336107,2025-05-27 19:46:26.533263Z,-82,39.001177,-74.914402
bluetooth,D7510A57,2025-05-27 19:46:27.168595Z,-77,39.001167,-74.914400,23704,1,0,1902,23.78
radio434mhz,071E6661,2025-05-27 19:46:27.508291Z,-105,39.001167,-74.914400
radio434mhz,614C192D,2025-05-27 19:46:27.801071Z,-108,39.001167,-74.914400
bluetooth,59FE8D30,2025-05-27 19:46:27.949147Z,-83,39.001167,-74.914400,39967,1,0,1870,22.51
bluetooth,2172633A,2025-05-27 19:46:28.093016Z,-71,39.001155,-74.914396,64468,2,0,1562,22.06
bluetooth,13323C65,2025-05-27 19:46:28.141908Z,-74,39.001155,-74.914396,5048,1,0,2984,22.92
bluetooth,D7510A57,2025-05-27 19:46:29.165297Z,-81,39.001145,-74.914395,8536,1,0,1902,23.88
bluetooth,367E0F4A,2025-05-27 19:46:29.556109Z,-74,39.001145,-74.914395,55233,1,0,2957,24.43
bluetooth,A648A0E7,2025-05-27 19:46:29.897352Z,-73,39.001145,-74.914395,3091,1,0,2983,23.27
userLocation,user,2025-05-27 19:46:30.029293Z,0,39.001135,-74.914393
bluetooth,23D9727E,2025-05-27 19:46:30.092288Z,-46,39.001135,-74.914393,48670,2,0,1554,32.47
bluetooth,13323C65,2025-05-27 19:46:30.189844Z,-80,39.001135,-74.914393,32903,1,0,2985,22.94
radio434mhz,071E6661,2025-05-27 19:46:30.920391Z,-96,39.001135,-74.914393
bluetooth,2172633A,2025-05-27 19:46:31.115610Z,-72,39.001126,-74.914394,52150,2,0,1563,22.11
bluetooth,D7510A57,2025-05-27 19:46:31.117005Z,-79,39.001126,-74.914394,34738,1,0,1902,23.68
bluetooth,13323C65,2025-05-27 19:46:31.213040Z,-82,39.001126,-74.914394,19304,1,0,2984,22.77
bluetooth,870614B1,2025-05-27 19:46:31.262294Z,-59,39.001126,-74.914394,33544,2,0,1561,20.29
radio434mhz,1E336107,2025-05-27 19:46:31.847082Z,-67,39.001126,-74.914394
bluetooth,D7510A57,2025-05-27 19:46:32.139754Z,-75,39.001116,-74.914391,40818,1,0,1902,23.70
bluetooth,81D187E3,2025-05-27 19:46:32.334346Z,-77,39.001116,-74.914391,46790,1,0,2961,24.86
bluetooth,367E0F4A,2025-05-27 19:46:32.626853Z,-80,39.001116,-74.914391,33275,1,0,2956,24.51
bluetooth,23D9727E,2025-05-27 19:46:33.163741Z,-37,39.001106,-74.914390,45474,2,0,1553,32.60
bluetooth,13323C65,2025-05-27 19:46:33.261156Z,-80,39.001106,-74.914390,22812,1,0,2983,22.79
radio434mhz,614C192D,2025-05-27 19:46:33.358457Z,-107,39.001106,-74.914390
bluetooth,367E0F4A,2025-05-27 19:46:33.650562Z,-77,39.001106,-74.914390,25886,1,0,2956,24.38
radio434mhz,071E6661,2025-05-27 19:46:34.089077Z,-107,39.001095,-74.914388
bluetooth,870614B1,2025-05-27 19:46:34.284174Z,-70,39.001095,-74.914388,5397,2,0,1561,20.39
bluetooth,367E0F4A,2025-05-27 19:46:34.674943Z,-78,39.001095,-74.914388,28064,1,0,2957,24.59
bluetooth,367E0F4A,2025-05-27 19:46:35.649404Z,-79,39.001085,-74.914385,18124,1,0,2955,24.46
bluetooth,59FE8D30,2025-05-27 19:46:35.991315Z,-83,39.001085,-74.914385,55205,1,0,1872,22.54
bluetooth,23D9727E,2025-05-27 19:46:36.234655Z,-40,39.001074,-74.914377,41164,2,0,1553,32.65
radio434mhz,1E336107,2025-05-27 19:46:37.111611Z,-73,39.001063,-74.914372
radio434mhz,071E6661,2025-05-27 19:46:37.258033Z,-103,39.001063,-74.914372
bluetooth,870614B1,2025-05-27 19:46:37.306636Z,-50,39.001063,-74.914372,21506,2,0,1562,20.34
